backend,batch_size,circuits_per_second,execute_ms_count,execute_ms_maximum,execute_ms_mean,execute_ms_median,execute_ms_minimum,execute_ms_p10,execute_ms_p90,execute_ms_std,graph_family,incremental_peak_rss_bytes_count,incremental_peak_rss_bytes_maximum,incremental_peak_rss_bytes_mean,incremental_peak_rss_bytes_median,incremental_peak_rss_bytes_minimum,incremental_peak_rss_bytes_p10,incremental_peak_rss_bytes_p90,incremental_peak_rss_bytes_std,n_qubits,p,peak_rss_bytes_count,peak_rss_bytes_maximum,peak_rss_bytes_mean,peak_rss_bytes_median,peak_rss_bytes_minimum,peak_rss_bytes_p10,peak_rss_bytes_p90,peak_rss_bytes_std,sample_count,shots,timing_mode,total_ms_count,total_ms_maximum,total_ms_mean,total_ms_median,total_ms_minimum,total_ms_p10,total_ms_p90,total_ms_std,transpile_ms_count,transpile_ms_maximum,transpile_ms_mean,transpile_ms_median,transpile_ms_minimum,transpile_ms_p10,transpile_ms_p90,transpile_ms_std
matrix_product_state,1,21.314188758476963,10,35.377875,26.5360752,34.9509165,6.436875,6.509250300000001,35.362500299999994,13.831847021911736,cycle,10,32768.0,18022.4,16384.0,0.0,0.0,32768.0,12089.176676313036,6,1,10,338886656.0,338803097.6,338804736.0,338739200.0,338739200.0,338857164.8,49121.64988904812,10,4096,warm_single,10,47.750083999999994,38.7601502,46.917103499999996,18.620041,18.661367199999997,47.7168956,13.782099356233713,10,12.476708,12.130087499999998,12.1862085,11.837542,11.8514542,12.3307955,0.2231419356215781
matrix_product_state,1,20.89580329626909,10,39.377375,28.335724900000002,35.571957999999995,6.614875,6.6534625,39.3534494,15.057344103531918,cycle,10,49152.0,21299.2,24576.0,0.0,0.0,49152.0,20507.288486454436,6,2,10,338870272.0,338783436.8,338771968.0,338706432.0,338706432.0,338840780.8,56782.110635109166,10,4096,warm_single,10,51.931540999999996,40.6211414,47.8564995,18.651292,19.0921417,51.7035413,15.015704721791197,10,12.447042,12.161933500000002,12.203875,11.868584,11.8964831,12.4277298,0.21104729548676485
matrix_product_state,1,52.39202194198836,10,39.778625,19.805208299999997,6.7251460000000005,6.553375,6.6110875,39.627237799999996,16.98120144025882,cycle,10,65536.0,32768.0,40960.0,0.0,0.0,50790.399999999994,23170.47500592079,6,3,10,338935808.0,338788352.0,338788352.0,338624512.0,338668748.8,338891571.2,93323.30490885495,10,4096,warm_single,10,52.081790999999996,32.051683399999995,19.086875499999998,18.688042,18.868231,52.056816899999994,16.93260684980062,10,12.330625,12.1149709,12.166458500000001,11.859583,11.886508300000001,12.312512499999999,0.17768300261636333
matrix_product_state,1,16.352823148526618,10,50.101209,36.907262599999996,48.760208,8.086459,8.2040584,49.5779337,19.816630660729476,cycle,10,65536.0,22937.6,16384.0,0.0,0.0,50790.399999999994,22116.714339059396,8,1,10,338788352.0,338673664.0,338673664.0,338558976.0,338573721.6,338758860.8,75674.45448322262,10,4096,warm_single,10,62.463292,49.278942,61.1515205,20.531751000000003,20.681186999999998,62.2179682,19.755386395913792,10,12.424709,12.156433400000001,12.199167,11.875708,11.886620500000001,12.2689334,0.16490857115464522
matrix_product_state,1,12.203024823557838,10,69.728667,50.996296099999995,69.125771,8.34075,8.3456253,69.3861045,29.40539763230944,cycle,10,49152.0,24576.0,24576.0,0.0,0.0,49152.0,20796.137761079044,8,2,10,338919424.0,338796544.0,338788352.0,338673664.0,338717900.8,338889932.8,78859.08147237494,10,4096,warm_single,10,82.581833,63.783979,81.9468955,21.017042,21.2361542,82.1498699,29.370916942945044,10,12.675958,12.5399414,12.6061455,12.282375,12.312374700000001,12.6659833,0.14536206790799586
matrix_product_state,1,16.203975514140193,10,70.225458,45.0672,49.2918545,8.242541,8.4052169,70.1689461,26.85013742751195,cycle,10,98304.0,26214.4,16384.0,0.0,0.0,54067.19999999998,29104.346659715433,8,3,10,339050496.0,338922700.8,338952192.0,338788352.0,338803097.6,339035750.4,100938.67872767549,10,4096,warm_single,10,82.97479299999999,57.614446,61.7132505,20.7725,21.034849100000002,82.7042287,26.809874601288566,10,12.580292,12.2826583,12.243833500000001,12.129208,12.144395500000002,12.557191699999999,0.15837468439400268
matrix_product_state,1,13.39100392356415,10,67.72375,47.32640850000001,62.0164795,9.74625,10.023900000000001,64.19488779999999,25.48725390294476,cycle,10,49152.0,27852.8,32768.0,0.0,0.0,49152.0,20507.288486454436,10,1,10,339099648.0,338953830.4,338952192.0,338821120.0,338865356.8,339070156.8,90219.50758652785,10,4096,warm_single,10,80.65375,60.15412099999999,74.677,22.451501,22.9043873,76.6208878,25.462146003209646,10,12.575417,12.22785,12.200604,11.963708,11.987108000000001,12.524679500000001,0.21444007124965128
matrix_product_state,1,8.143296182272506,10,110.623042,80.35360820000001,110.187708,10.316625,10.374711900000001,110.563642,48.28375924697906,cycle,10,65536.0,27852.8,32768.0,0.0,0.0,50790.399999999994,20507.288486454436,10,2,10,339918848.0,339758284.8,339746816.0,339640320.0,339640320.0,339889356.8,101233.73541880416,10,4096,warm_single,10,123.71162499999998,93.23443739999999,122.8003965,23.290999,23.607161800000004,123.45422589999998,48.078279829013205,10,12.537417,12.333400000000001,12.432,12.075209,12.0938453,12.5290542,0.1981033366396885
matrix_product_state,1,7.982215655448523,10,150.405375,96.647425,112.472354,10.764458,10.8368711,149.620575,61.393289655524036,cycle,10,65536.0,32768.0,32768.0,0.0,0.0,65536.0,23170.47500592079,10,3,10,339722240.0,339553484.8,339558400.0,339394560.0,339424051.2,339692748.8,113524.81889075084,10,4096,warm_single,10,163.20991700000002,109.5210458,125.27849950000001,23.796292,24.0254923,162.3610289,61.22482879182686,10,12.474542,12.129250199999998,12.064271,11.991458,12.0262214,12.3097295,0.1493282344537249
matrix_product_state,1,11.329353418335849,10,76.095875,56.545320600000004,75.5273955,11.865458,11.9788202,75.8487125,30.742093596347953,cycle,10,65536.0,36044.8,32768.0,16384.0,16384.0,50790.399999999994,15055.856983616413,12,1,10,339755008.0,339579699.2,339558400.0,339427328.0,339442073.6,339725516.8,114830.94583759013,10,4096,warm_single,10,88.93925000000002,69.6478452,88.2662905,25.647291000000003,25.870228200000003,88.49487590000001,30.21672873740898,10,12.381333,12.045220699999998,11.9822495,11.904667,11.9269789,12.253758,0.15458936709306131
matrix_product_state,1,6.100463959500583,10,153.04225,109.35531239999997,150.16924999999998,12.172917,12.324228600000001,151.80422439999998,66.96623701306271,cycle,10,65536.0,34406.4,32768.0,0.0,0.0,65536.0,24967.314255953836,12,2,10,339673088.0,339487948.8,339476480.0,339329024.0,339358515.2,339643596.8,129480.83076381958,10,4096,warm_single,10,166.848875,123.29670379999997,163.92195849999996,26.164251,26.6212251,165.87488689999998,66.77535993195966,10,12.46575,12.272941499999998,12.3532705,11.957416,11.9640535,12.456262200000001,0.19090671877894824
matrix_product_state,1,2.044571315274138,10,481.237,337.7121918,475.190896,12.663958,12.732358900000001,480.46536249999997,224.2187104808036,cycle,10,81920.0,44236.8,40960.0,16384.0,31129.6,67174.4,18997.2776342062,12,3,10,340475904.0,340262912.0,340246528.0,340049920.0,340094156.8,340446412.8,148564.32854341433,10,4096,warm_single,10,495.277584,351.8089331,489.10008300000004,26.872624,27.0809002,494.62253339999995,224.0742422844485,10,12.824042,12.4214959,12.4322915,12.169792,12.1919923,12.7251545,0.21654492280840965
matrix_product_state,1,9.53158225680903,10,92.920625,68.42010839999999,90.947021,14.108209,14.2940959,92.7546497,37.33217027420986,cycle,10,131072.0,49152.0,40960.0,16384.0,16384.0,72089.59999999998,33665.91967488124,14,1,10,340459520.0,340213760.0,340172800.0,340017152.0,340046643.2,340430028.8,153889.4812895136,10,4096,warm_single,10,107.75004100000001,82.8664581,104.9143755,28.795291000000002,29.143665699999996,107.6548651,37.10356860854884,10,12.842833,12.3423666,12.240541499999999,12.093709,12.1354834,12.6849955,0.260480515915917
matrix_product_state,1,4.821154721661636,10,194.661916,139.5369249,192.6770415,14.302916,14.5633922,194.3373166,86.29004198453734,cycle,10,131072.0,54067.2,40960.0,16384.0,31129.6,86835.19999999998,33710.187832958356,14,2,10,340197376.0,339935232.0,339886080.0,339722240.0,339751731.2,340182630.4,175953.27767715306,10,4096,warm_single,10,209.91462399999998,154.489575,207.41918850000002,29.395999999999997,29.5124015,208.9525627,86.24559234064648,10,12.967042,12.435208600000001,12.3790835,12.102917,12.1359173,12.7027795,0.2691763705739749
matrix_product_state,1,0.9480583705317862,10,1049.471584,735.6388376,1042.18075,14.52075,14.611875,1048.9250959,497.49654354633594,cycle,10,114688.0,63897.6,65536.0,16384.0,31129.6,85196.79999999999,28325.319977402236,14,3,10,341983232.0,341685043.2,341639168.0,341426176.0,341485158.4,341938995.2,187888.91686360262,10,4096,warm_single,10,1063.9143769999998,749.9128043999998,1054.7873749999999,29.962,30.033361900000003,1063.7779874,496.77076108043474,10,12.834084,12.5209417,12.444229,12.20625,12.2205375,12.8050581,0.25159602713214263
matrix_product_state,1,8.412160888970245,10,106.225,78.3661001,104.5247085,15.924625,16.196349400000003,105.6698503,42.87578311996448,cycle,10,81920.0,26214.4,16384.0,0.0,0.0,81920.0,32031.546405934812,16,1,10,340033536.0,339938508.8,339992576.0,339804160.0,339804160.0,340033536.0,96094.63921780445,10,4096,warm_single,10,120.973709,93.32919150000001,118.87552,31.609,31.6903015,120.6459956,42.49438856886633,10,12.664459,12.3441543,12.362646000000002,12.062542,12.1181548,12.501933399999999,0.18516879175441245
matrix_product_state,1,4.011923428405374,10,237.758209,169.416929,234.062541,15.921208,16.092995499999997,236.1821578,105.82599995257839,cycle,10,114688.0,34406.4,24576.0,0.0,0.0,70451.19999999998,38963.4653809038,16,2,10,340803584.0,340680704.0,340738048.0,340525056.0,340525056.0,340803584.0,111723.98446170813,10,4096,warm_single,10,253.355209,184.7708253,249.2570005,31.312458,31.498308899999994,251.4535837,105.78877059076817,10,12.816458,12.369212600000001,12.3382295,12.048125,12.101375299999999,12.6603836,0.26401432586559903
matrix_product_state,1,0.6177631777330633,10,1609.045041,1128.3723665000002,1603.412479,16.558,16.6505119,1607.8347660000002,767.1495789061396,cycle,10,81920.0,32768.0,16384.0,0.0,0.0,81920.0,37040.56481450813,16,3,10,341065728.0,340967424.0,341016576.0,340836352.0,340836352.0,341065728.0,90730.48358003316,10,4096,warm_single,10,1624.17275,1143.8155912999998,1618.7432919999999,32.55625,32.5923625,1622.9911984999999,766.7737973076074,10,12.856667,12.4617875,12.4462505,12.10525,12.3091369,12.6368042,0.19871007390962003
matrix_product_state,1,7.528044374268349,5,119.483041,78.24274160000002,117.389083,17.794459,17.8155754,119.1697746,55.1624606445532,cycle,5,81920.0,36044.8,16384.0,0.0,6553.6,75366.4,35519.665584011345,18,1,5,340426752.0,340344832.0,340328448.0,340312064.0,340312064.0,340393984.0,47767.157922572704,5,4096,warm_single,5,134.174083,93.45834179999999,132.836624,33.372541999999996,33.391008799999994,133.9003502,54.83154944325067,5,12.476583,12.361099800000002,12.367125,12.254333,12.287299800000001,12.434233,0.07977633165106014
matrix_product_state,1,3.463729770194518,5,275.854792,171.994067,273.184542,18.482875,18.5104918,275.0713588,140.10780531284007,cycle,5,114688.0,62259.2,65536.0,0.0,19660.800000000003,101580.8,42408.93249304916,18,2,5,340295680.0,340184268.8,340180992.0,340049920.0,340069580.8,340295680.0,111963.99329784553,5,4096,warm_single,5,292.098709,187.78988400000003,288.70612500000004,34.190501,34.282651,291.072509,140.1168672264256,5,12.726792,12.494541799999999,12.509334,12.280375,12.3420582,12.6447252,0.16152007632396673
matrix_product_state,1,0.45832932772597956,5,2169.9685,1308.6268747999998,2166.191625,18.293666,18.6427328,2169.7868,1177.510302232826,cycle,5,98304.0,49152.0,65536.0,0.0,6553.6,85196.8,40132.43994575959,18,3,5,341622784.0,341524480.0,341491712.0,341475328.0,341475328.0,341596569.6,64503.87250390476,5,4096,warm_single,5,2185.30296,1324.1763168000002,2181.83725,34.185958,34.389258,2185.1262592000003,1177.3634834470831,5,12.684167,12.426391599999999,12.401666,12.078792,12.1791916,12.665517,0.2458664075271366
matrix_product_state,1,6.776843090730277,5,133.792875,88.1130916,132.713375,19.809166,20.1252164,133.736025,61.994043286806225,cycle,5,98304.0,49152.0,65536.0,0.0,6553.6,85196.8,40132.43994575959,20,1,5,340393984.0,340269465.6,340230144.0,340213760.0,340213760.0,340354662.4,77369.95973115147,5,4096,warm_single,5,148.896459,103.19033340000001,147.56133300000005,35.059875,35.3912918,148.7561086,61.81877041411289,5,12.132291,12.0568584,12.084125,11.970625,11.974908600000001,12.1257414,0.07593022639766056
matrix_product_state,1,3.019512837777388,5,316.32325,197.9642084,315.909625,20.73325,20.763,316.2128668,161.75511299124855,cycle,5,98304.0,42598.4,49152.0,0.0,0.0,85196.8,42724.24488273608,20,2,5,340262912.0,340217036.8,340262912.0,340099072.0,340138393.6,340262912.0,71791.09105731713,5,4096,warm_single,5,332.489874,213.66599179999997,331.179251,36.390001,36.454617400000004,332.18164079999997,161.7570460312077,5,12.542125,12.3824166,12.396208,12.248125,12.259925,12.504475000000001,0.12146364822571412
matrix_product_state,1,0.30606365671207825,3,3259.890708,3252.5070140000003,3249.177542,3248.452792,3248.597742,3257.7480748,6.404726259166073,cycle,3,5881856.0,5838165.333333333,5849088.0,5783552.0,5796659.2,5875302.4,50053.946790770984,20,3,3,341524480.0,341480789.3333333,341491712.0,341426176.0,341439283.2,341517926.4,50053.946790770984,3,4096,warm_batch,3,3278.766459,3271.0622083333333,3267.294166,3267.1259999999997,3267.1596332,3276.4720004,6.672606589782914,3,15.0675,14.7675,15.044375,14.190625,14.361375,15.062875,0.49972218844574023
matrix_product_state,8,0.40792701277410387,3,19590.125666,19572.936277666668,19566.0315,19562.651667,19563.327633599998,19585.3068328,14.98205997960841,cycle,3,14172160.0,13374805.333333334,13565952.0,12386304.0,12622233.6,14050918.4,908142.7196852559,20,3,3,349814784.0,349366954.6666667,349208576.0,349077504.0,349103718.4,349693542.4,393329.76132163365,3,4096,warm_batch,3,19636.076459000004,19618.412028000002,19611.351417,19607.808208,19608.5168498,19631.1314506,15.40008683156711,3,16.230292,16.024764333333334,16.217709,15.626292,15.744575399999999,16.2277754,0.3451445107434466
matrix_product_state,32,0.40544659256738497,3,78963.174833,78684.390347,78787.136833,78302.859375,78399.7148666,78927.967233,341.93823463813976,cycle,3,49840128.0,45755050.666666664,45580288.0,41844736.0,42591846.4,48988160.0,4000559.9358916413,20,3,3,393871360.0,391184384.0,391708672.0,387973120.0,388720230.4,393438822.4,2983867.826263087,3,4096,warm_batch,3,79101.236166,78822.610666,78925.31491599999,78441.280916,78538.087716,79066.051916,341.75481741547657,3,19.116875,18.772430666666665,18.636334,18.564083,18.5785332,19.0207668,0.30047708036443177
matrix_product_state,1,0.36414157140146913,5,2736.467667,1648.335775,2730.94875,20.481833,20.622433,2735.0595169999997,1485.8614223772513,cycle,5,1458176.0,324403.2,32768.0,16384.0,22937.6,907673.6000000001,634274.5603500112,20,3,5,342769664.0,342432153.6,342720512.0,341229568.0,341812838.4,342763110.4,673001.5935410553,5,4096,warm_single,5,2752.215002,1664.0364927999995,2746.1846669999995,36.07458400000001,36.53066760000001,2750.7263684,1485.600281104179,5,12.625875,12.3805418,12.35025,12.044417,12.1618838,12.593158200000001,0.22507456665669762
matrix_product_state,1,5.179136624976775,3,175.198333,125.12440233333332,174.183458,25.991416,55.629824400000004,174.99535799999998,85.85318414211581,cycle,3,81920.0,49152.0,65536.0,0.0,13107.2,78643.2,43347.989480482254,22,1,3,340099072.0,340055381.3333333,340033536.0,340033536.0,340033536.0,340085964.8,37837.22724161131,3,4096,warm_single,3,193.989208,144.007597,193.08237499999998,44.951208,74.5774414,193.8078414,85.78654753405083,3,15.220584,15.102250333333332,15.084583,15.001584,15.0181838,15.193383800000001,0.11056378702058581
matrix_product_state,1,2.064728375649611,3,465.763125,319.27601366666664,464.274458,27.790458,115.087258,465.4653916,252.43499342224385,cycle,3,81920.0,65536.0,65536.0,49152.0,52428.8,78643.2,16384.0,22,2,3,341508096.0,341453482.6666667,341458944.0,341393408.0,341406515.2,341498265.6,57538.71702891309,3,4096,warm_single,3,487.56741700000003,339.9969026666667,484.325208,48.098082999999995,135.343508,486.91897520000003,252.79699102618846,3,16.540625,16.153597333333334,16.139042,15.781125,15.8527084,16.4603084,0.3799591501679266
matrix_product_state,1,0.260996636536345,3,3884.289084,2574.519694666667,3813.434,25.836,783.3556000000001,3870.1180672,2207.5091262160076,cycle,3,114688.0,98304.0,114688.0,65536.0,75366.4,114688.0,28377.920431208484,22,3,3,341786624.0,341688320.0,341671936.0,341606400.0,341619507.2,341763686.4,91222.25132060707,3,4096,warm_single,3,3903.177668,2593.003972666667,3831.467,44.36725,801.7872000000001,3888.8355343999997,2207.4753595612497,3,14.681959,14.409944666666666,14.2905,14.257375,14.264,14.6036672,0.236152841525004
matrix_product_state,1,4.726751438779415,3,194.013417,138.4470696666667,192.871834,28.455958,61.339133200000006,193.7851004,95.25680703859608,cycle,3,65536.0,60074.666666666664,65536.0,49152.0,52428.8,65536.0,9459.30681040283,24,1,3,341065728.0,341005653.3333333,341000192.0,340951040.0,340960870.4,341052620.8,57538.71702891309,3,4096,warm_single,3,212.586501,157.11836133333335,211.56179100000003,47.206792,80.0777918,212.381559,95.18759011884443,3,14.900209,14.770792,14.779208,14.632959,14.6622088,14.876008800000001,0.13382362428584904
matrix_product_state,1,1.8911858917532476,3,511.980166,350.554514,509.791542,29.891834,125.8717756,511.5424412,277.7041830389671,cycle,3,98304.0,76458.66666666667,81920.0,49152.0,55705.6,95027.2,25026.973395385492,24,2,3,341131264.0,341060266.6666667,341049344.0,341000192.0,341010022.4,341114880.0,66215.1476728198,3,4096,warm_single,3,532.5548319999999,370.25062499999996,528.76875,49.428293,145.2963844,531.7976156,277.8467385748235,3,15.476625,15.303458000000001,15.420416,15.013333,15.0947496,15.4653832,0.25282256552570653
matrix_product_state,1,0.22409771467111436,3,4499.678208,2990.5022220000005,4443.901583,27.926875,911.1218166,4488.522883000001,2565.817077065944,cycle,3,180224.0,109226.66666666667,98304.0,49152.0,58982.4,163840.0,66215.1476728198,24,3,3,342573056.0,342491136.0,342474752.0,342425600.0,342435430.4,342553395.2,75080.92018615648,3,4096,warm_single,3,4518.731583000001,3009.1141110000003,4462.3391249999995,46.271625,929.4851249999998,4507.453091400001,2566.051777529989,3,15.023958,14.679986,14.58425,14.43175,14.46225,14.9360164,0.3074924634653673
matrix_product_state,1,4.375914377393568,3,212.105666,150.900889,209.648542,30.948459,66.6884756,211.6142412,103.88911618531809,cycle,3,131072.0,76458.66666666667,49152.0,49152.0,49152.0,114688.0,47296.53405201414,26,1,3,341131264.0,341082112.0,341082112.0,341032960.0,341042790.4,341121433.6,49152.0,3,4096,warm_single,3,231.082,169.798556,228.523667,49.790001,85.5367342,230.57033339999998,103.9383289351226,3,15.038458,14.947236000000002,14.910625,14.892625,14.896225000000001,15.0128914,0.07951157125223982
matrix_product_state,1,1.6709090350855391,3,589.552541,401.16024966666663,578.033333,35.894875,144.32256660000002,587.2486994,316.3815236166962,cycle,3,131072.0,70997.33333333333,49152.0,32768.0,36044.8,114688.0,52667.19135603619,26,2,3,341311488.0,341267797.3333333,341262336.0,341229568.0,341236121.6,341301657.6,41232.162462491986,3,4096,warm_single,3,611.627249,422.88252766666665,598.476625,58.543709,166.5302922,608.9971242,315.59517711534187,3,18.039333,17.35352766666667,17.836291,16.184959,16.5152254,17.9987246,1.0170895044082076
matrix_product_state,1,0.19312245865401018,3,5173.445459,3454.6841946666664,5159.758166,30.848959,1056.6308004,5170.7080004,2965.1361901676423,cycle,3,196608.0,114688.0,81920.0,65536.0,68812.8,173670.4,71416.2002909704,26,3,3,343064576.0,342988117.3333333,342982656.0,342917120.0,342930227.2,343048192.0,73879.5479502503,3,4096,warm_single,3,5192.5278339999995,3473.4053473333333,5178.061666,49.626542,1075.3135668,5189.6346004,2965.088244621307,3,14.89525,14.594291666666669,14.464875,14.42275,14.431175,14.809175,0.26148722283953674
matrix_product_state,1,4.067525660565252,3,227.184,162.3708333333333,226.497542,33.430958,72.04427480000001,227.0467084,111.66573509531962,cycle,3,114688.0,81920.0,81920.0,49152.0,55705.6,108134.4,32768.0,28,1,3,340492288.0,340421290.6666667,340443136.0,340328448.0,340351385.6,340482457.6,84076.15798389775,3,4096,warm_single,3,246.755418,181.75801466666667,245.84970900000002,52.668917,91.3050754,246.57427619999999,111.79535513380611,3,15.485209,15.38982,15.402792,15.281459,15.3057256,15.468725599999999,0.10249253735272605
matrix_product_state,1,1.555890099933063,3,630.89775,430.38023633333336,623.005042,37.237917,154.391342,629.3192084,340.49410589316784,cycle,3,98304.0,70997.33333333333,81920.0,32768.0,42598.4,95027.2,34106.01573525312,28,2,3,341442560.0,341393408.0,341409792.0,341327872.0,341344256.0,341436006.4,59073.352097202,3,4096,warm_single,3,651.617584,450.645403,642.718917,57.599708,174.6235498,649.8378506,340.41663493007945,3,16.353417,16.02325,16.256083,15.46025,15.619416600000001,16.3339502,0.4899951294543651
matrix_product_state,1,0.17172366013955767,3,5835.94525,3891.8907223333335,5805.019542,34.707375,1188.7698084,5829.7601084,3340.4545545573596,cycle,3,114688.0,98304.0,98304.0,81920.0,85196.8,111411.2,16384.0,28,3,3,343523328.0,343414101.3333333,343408640.0,343310336.0,343329996.8,343500390.4,106600.9739042441,3,4096,warm_single,3,5854.204875,3910.3145556666664,5823.309375,53.429417,1207.4054086,5848.025775,3340.1962311563234,3,14.795375,14.535305333333334,14.455666,14.354875,14.3750332,14.7274332,0.23079618727425566
matrix_product_state,1,3.8169292338648195,3,250.410375,176.33956933333334,243.055,35.553333,77.0536664,248.9393,121.97991080922525,cycle,3,114688.0,81920.0,98304.0,32768.0,45875.2,111411.2,43347.989480482254,30,1,3,340885504.0,340798122.6666667,340770816.0,340738048.0,340744601.6,340862566.4,77427.76322052274,3,4096,warm_single,3,270.00825,195.52448633333333,261.99071,54.574499,96.05774120000001,268.404742,122.13207782504568,3,15.538542,15.149486333333334,15.019083,14.890834,14.9164838,15.4346502,0.3429798613976237
matrix_product_state,1,1.3833362521036585,3,729.020959,491.84308333333337,700.418083,46.090208,176.955783,723.3003838,386.2981368448708,cycle,3,131072.0,92842.66666666667,98304.0,49152.0,58982.4,124518.4,41232.162462491986,30,2,3,341245952.0,341164032.0,341147648.0,341098496.0,341108326.4,341226291.2,75080.92018615648,3,4096,warm_single,3,753.258667,515.8837223333334,722.890041,71.50245899999999,201.7799754,747.1849417999999,385.1448996969569,3,20.201334,19.235902999999997,19.484125,18.02225,18.314625,20.057892199999998,1.1105459876686778
matrix_product_state,1,0.15455734750712946,3,6463.050792,4317.308639,6451.81125,37.063875,1320.0133500000002,6460.8028836,3706.804960021252,cycle,3,131072.0,92842.66666666667,81920.0,65536.0,68812.8,121241.6,34106.01573525312,30,3,3,344358912.0,344282453.3333333,344276992.0,344211456.0,344224563.2,344342528.0,73879.5479502503,3,4096,warm_single,3,6481.8422089999995,4335.901055666666,6470.090333,55.77062500000001,1338.6345666000002,6479.4918338,3706.706341792737,3,14.772875,14.607528,14.712292,14.337417,14.412392,14.7607584,0.23587610988186158
matrix_product_state,1,3.4625244246905735,3,271.182875,193.1678476666667,269.380209,38.940459,85.028409,270.8223418,133.56787773406143,cycle,3,98304.0,65536.0,49152.0,49152.0,49152.0,88473.6,28377.920431208484,32,1,3,341278720.0,341196800.0,341180416.0,341131264.0,341141094.4,341259059.2,75080.92018615648,3,4096,warm_single,3,292.598125,213.27783399999998,288.806627,58.428749999999994,104.5043254,291.8398254,134.11663944492605,3,16.156541,15.656111000000001,15.456,15.355792,15.3758336,16.0164328,0.436271761051527
matrix_product_state,1,1.3414688968249027,3,733.472125,499.56231933333333,725.901333,39.3135,176.63106660000003,731.9579666,398.60514421689584,cycle,3,114688.0,103765.33333333333,98304.0,98304.0,98304.0,111411.2,9459.30681040283,32,2,3,341590016.0,341480789.3333333,341475328.0,341377024.0,341396684.8,341567078.4,106600.9739042441,3,4096,warm_single,3,755.439834,519.9519586666667,745.451499,58.96454299999999,196.26193419999998,753.442167,399.2580490876698,3,16.696583,15.800513666666667,15.562917,15.142041,15.226216200000001,16.469849800000002,0.8040456078167041
matrix_product_state,1,0.13952972434004796,3,7241.090459,4809.5430836666665,7148.332167,39.206625,1461.0317334000001,7222.5388006,4131.49288657829,cycle,3,491520.0,240298.66666666666,147456.0,81920.0,95027.2,422707.2,220017.86419591782,32,3,3,345751552.0,345396565.3333333,345260032.0,345178112.0,345194496.0,345653248.0,310144.11445863894,3,4096,warm_single,3,7260.731793,4828.711959333333,7166.931667999999,58.472417,1480.1642671999998,7241.971767999999,4131.4148404987,3,15.129625,14.844014000000001,14.751542,14.650875,14.6710084,15.0540084,0.2524157160578563
matrix_product_state,1,16.566977090952143,3,48.546291,46.69845833333333,45.864167,45.684917,45.720767,48.0098662,1.6027778428794575,random_3_regular,3,3063808.0,3041962.6666666665,3063808.0,2998272.0,3011379.2,3063808.0,37837.22724161132,6,1,3,338477056.0,338455210.6666667,338477056.0,338411520.0,338424627.2,338477056.0,37837.22724161131,3,4096,warm_batch,3,62.96670700000001,61.164097,60.361042,60.164542,60.203841999999995,62.44557400000001,1.5641947358225627,3,14.403542,14.376764,14.393042,14.333708,14.3455748,14.401442,0.037655369497589596
matrix_product_state,8,26.0393215172252,3,291.5405,287.15204133333333,290.756708,279.158916,281.4784744,291.3837416,6.933334112863563,random_3_regular,3,3702784.0,3571712.0,3604480.0,3407872.0,3447193.6,3683123.2,150161.84037231296,6,1,3,339116032.0,338984960.0,339017728.0,338821120.0,338860441.6,339096371.2,150161.84037231296,3,4096,warm_batch,3,308.175917,303.49001400000003,307.22766700000005,295.06645799999995,297.4986998,307.98626700000005,7.310404659078573,3,15.878375,15.571888999999999,15.66825,15.169042,15.268883599999999,15.83635,0.364352038505345
matrix_product_state,32,26.65961855222827,3,1190.388375,1180.7606666666668,1180.508125,1171.3855,1173.210025,1188.412325,9.503954310520301,random_3_regular,3,6062080.0,5581482.666666667,5488640.0,5193728.0,5252710.4,5947392.0,441558.17231858964,6,1,3,341475328.0,340994730.6666667,340901888.0,340606976.0,340665958.4,341360640.0,441558.17231858964,3,4096,warm_batch,3,1210.9096260000001,1200.9727500000001,1200.317249,1191.691375,1193.4165498,1208.7911506,9.625879390762238,3,17.738584,17.407597666666664,17.518709,16.9655,17.0761418,17.694609,0.39833906921156237
matrix_product_state,1,20.462137581908785,10,39.420916,28.320562399999993,36.510604,6.471291,6.623729399999999,39.248266300000004,15.079536814208328,random_3_regular,10,49152.0,26214.4,32768.0,0.0,0.0,49152.0,20724.30287367949,6,1,10,339148800.0,339016089.6,338984960.0,338935808.0,338935808.0,339119308.8,76243.81240788585,10,4096,warm_single,10,51.867123,40.6782915,48.8707495,18.782875,18.8932753,51.654237,15.114166071601042,10,12.36375,12.257841600000003,12.2924375,11.9715,12.1671744,12.3304131,0.11050561530448194
matrix_product_state,1,20.59314264000876,10,40.031334,28.5429666,36.411729,6.687166,6.6872416,39.9925962,15.166739014279162,random_3_regular,10,65536.0,34406.4,32768.0,0.0,14745.6,50790.399999999994,19615.236091705177,6,2,10,338903040.0,338747392.0,338739200.0,338591744.0,338606489.6,338873548.8,104837.68699809774,10,4096,warm_single,10,52.481335,40.894649900000005,48.559854,18.889499999999995,18.930561599999997,52.4740963,15.092723300324172,10,12.779917,12.214724899999998,12.152729,11.971375,12.0224869,12.3975664,0.23493674165823616
matrix_product_state,1,45.95271676827042,3,10.607958,7.258680333333333,9.019958,2.148125,3.5224916,10.290358,4.496528423272373,random_3_regular,3,65536.0,38229.333333333336,32768.0,16384.0,19660.8,58982.4,25026.973395385492,6,3,3,338477056.0,338422442.6666667,338411520.0,338378752.0,338385305.6,338463948.8,50053.946790770984,3,1024,warm_single,3,23.200499,19.871291333333335,21.761499,14.651876000000001,16.073800600000002,22.912699,4.577051732980121,3,12.589875,12.465486333333333,12.44875,12.357834,12.3760172,12.56165,0.11692234628304884
matrix_product_state,1,21.945756410531015,10,39.4785,27.5775794,33.3294795,6.765542,6.8079545,39.337312499999996,14.555078468146474,random_3_regular,10,98304.0,39321.6,32768.0,16384.0,16384.0,83558.4,29104.346659715433,6,3,10,339050496.0,338821120.0,338796544.0,338673664.0,338688409.6,338976768.0,127144.71944817668,10,4096,warm_single,10,52.08625,39.9213086,45.566896,18.996667,19.052242,51.845725,14.568126310979734,10,12.483416,12.199924800000002,12.1621045,11.990917,11.9993914,12.4623785,0.18220374128235947
matrix_product_state,1,1.9308534017337893,3,613.272833,405.6872223333333,505.002375,98.786459,180.0296422,591.6187414,271.2410033896414,random_3_regular,3,32768.0,21845.333333333332,16384.0,16384.0,16384.0,29491.2,9459.306810402828,6,3,3,347340800.0,347318954.6666667,347324416.0,347291648.0,347298201.6,347337523.2,25026.973395385492,3,65536,warm_single,3,626.3980829999999,418.7265973333333,517.905709,111.87599999999999,193.08194179999998,604.6996082,271.22060323085077,3,12.895583,12.834722,12.891333,12.71725,12.7520666,12.894733,0.10175592716397404
matrix_product_state,1,15.102688730919631,10,60.89375,42.6122542,53.6080415,8.270834,8.2861709,60.2937875,23.864495128197643,random_3_regular,10,65536.0,26214.4,24576.0,0.0,0.0,50790.399999999994,25847.746977681098,8,1,10,339509248.0,339365068.8,339361792.0,339247104.0,339247104.0,339465011.2,85935.77634593044,10,4096,warm_single,10,73.329167,55.253596,66.2133755,20.66725,21.0153628,73.0144289,23.886902392583693,10,12.650125,12.4087833,12.447833,12.0995,12.153874400000001,12.6350131,0.19543660234633034
matrix_product_state,1,12.978904627043743,10,70.877708,48.50082919999999,64.6101875,8.4095,8.600262200000001,70.5756086,28.227920745963168,random_3_regular,10,98304.0,34406.4,32768.0,0.0,0.0,68812.79999999999,30358.333270015555,8,2,10,339410944.0,339225804.8,339222528.0,339066880.0,339066880.0,339351961.6,112468.9966611046,10,4096,warm_single,10,83.24928999999999,61.062391800000015,77.04810450000001,20.978125999999996,21.145712300000003,83.12659120000001,28.19798841536526,10,12.487375,12.2988126,12.349479500000001,12.0735,12.1051872,12.4555753,0.15233294352991722
matrix_product_state,1,13.67126419888955,10,69.934875,46.6472502,60.7442085,8.491792,8.5723798,69.9185256,26.6924773851156,random_3_regular,10,81920.0,39321.6,40960.0,0.0,14745.6,67174.4,26976.996633757764,8,3,10,339574784.0,339384729.6,339369984.0,339197952.0,339212697.6,339530547.2,133372.87162038113,10,4096,warm_single,10,82.651667,59.1541421,73.14612500000001,21.095166999999996,21.171816399999997,82.4011673,26.660795011355624,10,12.478875,12.2203292,12.2151255,11.96775,11.9833119,12.4554372,0.18798734177586407
matrix_product_state,1,10.716797444549643,10,101.190792,65.4165876,80.407521,10.159375,10.171487200000001,101.1691542,39.18272251274485,random_3_regular,10,114688.0,32768.0,24576.0,0.0,14745.6,55705.59999999998,31844.7719483818,10,1,10,339869696.0,339699302.4,339673088.0,339558400.0,339587891.2,339840204.8,108459.38504876172,10,4096,warm_single,10,113.691084,78.2714501,93.3114585,23.079458,23.3907464,113.55923399999999,38.84339918133067,10,12.844958,12.2877333,12.307292,11.886791,11.9242544,12.605745200000001,0.34037368792877254
matrix_product_state,1,8.590464070313153,10,152.021583,87.02967890000001,103.54777100000001,10.58675,10.5939869,151.9544952,57.72033882599196,random_3_regular,10,163840.0,50790.4,32768.0,0.0,14745.6,119603.19999999998,50321.37850788006,10,2,10,339738624.0,339473203.2,339435520.0,339263488.0,339278233.6,339709132.8,194748.42057542398,10,4096,warm_single,10,164.90870800000002,99.9868207,116.40814650000002,23.669793000000002,23.685915599999998,164.8274452,57.629037278996734,10,12.450625,12.219387400000002,12.249937,12.049084,12.0976084,12.328225,0.12205735714290676
matrix_product_state,1,10.849590825855067,10,154.737042,83.26105420000002,79.5895625,10.459166,10.4594666,154.5667539,58.24442967712497,random_3_regular,10,212992.0,67174.4,57344.0,0.0,14745.6,124518.39999999997,60049.83729314621,10,3,10,339918848.0,339540377.6,339443712.0,339279872.0,339279872.0,339874611.2,245511.0798654739,10,4096,warm_single,10,167.87758399999998,96.3221043,92.1693745,23.527417,23.718028899999997,167.83629470000002,58.20957315673881,10,12.735708,12.4530334,12.462917000000001,12.158542,12.2126923,12.6439836,0.17928382652976677
matrix_product_state,1,6.83112695902205,10,152.719416,100.80084989999999,132.6606875,12.145333,12.2616958,142.0759413,61.385291418919465,random_3_regular,10,163840.0,50790.4,32768.0,16384.0,16384.0,119603.19999999998,49121.64988904813,12,1,10,339984384.0,339682918.4,339656704.0,339509248.0,339538739.2,339836928.0,147799.46172447465,10,4096,warm_single,10,165.430541,114.26001290000002,146.38873,26.342667000000002,26.4196548,155.2259297,60.906985075731846,10,12.4045,12.2174544,12.230125000000001,11.922709,12.1457587,12.3320878,0.12386428620891708
matrix_product_state,1,2.0303587730648327,10,490.528542,317.04443749999996,478.786771,12.174625,12.4012369,487.6730292,224.53873269015773,random_3_regular,10,163840.0,60620.8,40960.0,16384.0,16384.0,149094.4,52411.73055465097,12,2,10,340901888.0,340603699.2,340557824.0,340344832.0,340374323.2,340872396.8,217468.07148371104,10,4096,warm_single,10,502.904958,330.8675789,492.52379099999996,26.36675,26.7887366,501.6265467,224.24339324316233,10,12.589542,12.2397709,12.2185415,11.878292,11.939004200000001,12.5245917,0.24473962259532042
matrix_product_state,1,22.309933477802048,3,144.704,60.105264000000005,31.797208,3.814584,9.411108800000001,122.12264160000001,74.58864800410058,random_3_regular,3,65536.0,54613.333333333336,49152.0,49152.0,49152.0,62259.2,9459.30681040283,12,3,3,340393984.0,340344832.0,340344832.0,340295680.0,340305510.4,340384153.6,49152.0,3,1024,warm_single,3,157.645542,73.09736099999999,44.823083000000004,16.823458,22.423383,135.08105020000002,74.54723960578103,3,12.41025,12.317472333333333,12.287459,12.254708,12.2612582,12.3856918,0.0819995644764851
matrix_product_state,1,4.572788220760936,10,514.314875,256.73218340000005,204.294083,12.544417,12.7474417,509.7353375,227.13944907857405,random_3_regular,10,327680.0,80281.6,49152.0,16384.0,31129.6,135987.19999999992,90878.293317308,12,3,10,341065728.0,340687257.6,340557824.0,340377600.0,340421836.8,341036236.8,274423.1693438277,10,4096,warm_single,10,528.531959,271.0126001,218.684958,27.189582,27.372696,523.5470462,226.86490834582207,10,12.860792,12.599204299999998,12.596542,12.270375,12.4363872,12.8378042,0.19144324453654088
matrix_product_state,1,0.8151221732949757,3,7531.574625,2974.713875,1211.494,181.073,387.1572,6267.5585,3979.8463262390133,random_3_regular,3,98304.0,49152.0,49152.0,0.0,9830.400000000001,88473.6,49152.0,12,3,3,352256000.0,352223232.0,352206848.0,352206848.0,352206848.0,352246169.6,28377.920431208484,3,65536,warm_single,3,7547.028917000001,2990.177417333334,1226.809959,196.693376,402.7166926,6282.9851254000005,3979.818681316231,3,12.770125,12.490472666666667,12.510334,12.190959,12.254833999999999,12.7181668,0.2900933786047754
matrix_product_state,1,3.3324405169781595,10,432.396042,252.1311625,286.0295205,14.094667,14.2911667,424.30354170000004,174.14037367434634,random_3_regular,10,278528.0,78643.2,49152.0,16384.0,31129.6,160563.19999999995,78688.69795000211,14,1,10,340819968.0,340387430.4,340369408.0,340066304.0,340081049.6,340687257.6,281054.45531474263,10,4096,warm_single,10,446.551292,266.6028747,300.080375,29.437417,29.582578899999998,438.3311033,173.63792611515117,10,12.762208,12.453666700000001,12.4964795,12.114958,12.2073961,12.642807699999999,0.19900929493203173
matrix_product_state,1,0.7687750848955828,10,1884.536625,1076.8584957,1285.4998540000001,14.485958,14.7424958,1877.6558622,860.1777831113194,random_3_regular,10,212992.0,77004.8,57344.0,32768.0,32768.0,154009.59999999998,58845.708275115525,14,2,10,343359488.0,342967910.4,342876160.0,342654976.0,342684467.2,343329996.8,273334.14100173354,10,4096,warm_single,10,1899.741916,1092.1455915,1300.770563,29.872291,30.2081035,1892.7091666000001,860.0348721656918,10,12.851417,12.6999043,12.743813,12.401542,12.5660917,12.8048411,0.13225647832992304
matrix_product_state,1,0.7589123232004318,10,2179.45025,1156.8596206999998,1302.709229,14.7365,14.7999122,2175.3688247,1006.4565873048299,random_3_regular,10,196608.0,91750.4,81920.0,49152.0,63897.6,137625.59999999998,43141.076654776865,14,3,10,342966272.0,342510796.8,342441984.0,342130688.0,342174924.8,342907289.6,305522.4310909648,10,4096,warm_single,10,2193.995958,1171.5677284,1317.6752695,29.918457,29.9603826,2190.1154586000002,1006.3831622347477,10,12.856166,12.534383199999999,12.480479,12.102958,12.3006961,12.8173166,0.24917834627555896
matrix_product_state,1,1.8573750368499722,10,1158.760125,527.2014291,523.9211875,15.820792,16.4463289,1154.1393369,481.59301601901245,random_3_regular,10,114688.0,50790.4,49152.0,0.0,14745.6,99942.4,40465.49495063665,16,1,10,341655552.0,341424537.6,341426176.0,341196800.0,341211545.6,341640806.4,187037.71050019714,10,4096,warm_single,10,1173.498418,542.218425,538.3942285,31.322000000000003,31.878724700000003,1169.1046161999998,481.29529738769816,10,12.784166,12.443654200000001,12.432021500000001,12.08625,12.1358625,12.774041,0.22996201588948484
matrix_product_state,1,0.19136805905545276,10,8736.38225,4252.0551292,5210.2999795,16.287375,16.442474699999998,8712.8263628,3769.822492021166,random_3_regular,10,163840.0,80281.6,73728.0,0.0,0.0,149094.4,60544.49010842266,16,2,10,358957056.0,358537625.6,358531072.0,358236160.0,358236160.0,358809600.0,264657.81363665295,10,4096,warm_single,10,8751.861167,4267.2683207,5225.532437,31.648500000000002,32.0636997,8728.0090295,3769.879761263125,10,12.637417,12.3026417,12.266124999999999,11.869916,11.9511041,12.618967000000001,0.2573524118972745
matrix_product_state,1,0.19213252611819012,10,11170.228875,5412.902262199999,5188.933520500001,16.926666,16.966078800000002,11151.626924400001,4992.137306339555,random_3_regular,10,131072.0,58982.4,65536.0,0.0,0.0,116326.4,45823.1577824527,16,3,10,357924864.0,357638144.0,357654528.0,357416960.0,357416960.0,357851136.0,192352.16059439868,10,4096,warm_single,10,11185.357792000003,5428.7989872,5204.740812,33.213499,33.273350799999996,11167.259053900001,4991.704293971665,10,13.181292,12.8837,12.932271,12.605625,12.638250000000001,13.082178599999999,0.1898760004324457
matrix_product_state,1,2.0104190045326664,5,486.842625,298.4878332,481.977416,18.3945,18.4571,486.775025,255.62509301253232,random_3_regular,5,65536.0,36044.8,49152.0,0.0,6553.6,58982.4,26921.659146493927,18,1,5,340721664.0,340636467.2,340606976.0,340590592.0,340590592.0,340702003.2,58387.75805937406,5,4096,warm_single,5,502.23908300000005,313.8419494000001,497.408748,33.737333,33.844383,502.0712998,255.58422970975874,5,12.659834,12.420824800000002,12.336666,12.228541,12.2415746,12.6430836,0.20343714367514118
matrix_product_state,1,0.41090434665083625,5,2740.190833,1585.783275,2418.5225,18.36525,18.3898832,2737.4788834,1436.7120631217417,random_3_regular,5,81920.0,36044.8,16384.0,0.0,0.0,81920.0,42408.93249304915,18,2,5,341737472.0,341665382.4,341655552.0,341557248.0,341590016.0,341737472.0,75615.310703587,5,4096,warm_single,5,2756.084041,1601.455575,2433.6564169999997,34.143083999999995,34.310700399999995,2753.1833078,1436.4732682837302,5,12.817792,12.5547916,12.610917,12.348208,12.3576412,12.7407752,0.19586325615413458
matrix_product_state,1,0.11878552606703618,5,25050.934417,11700.338092000002,8402.23225,18.737084,18.7663672,25034.951217,12641.270810814238,random_3_regular,5,376832.0,137625.6,98304.0,16384.0,42598.4,271974.4,138829.62846885386,18,3,5,390709248.0,390502809.6,390529024.0,390135808.0,390286540.8,390676480.0,219997.52888794002,5,4096,warm_single,5,25066.909709,11716.5148428,8418.534085,35.047878000000004,35.096026800000004,25050.9115422,12641.07375117296,5,13.196542,13.0194504,13.013334,12.8725,12.898933600000001,13.148442000000001,0.12526332996851086
matrix_product_state,1,0.28004188067771735,3,3558.389125,3553.586111,3551.77375,3550.595458,3550.8311163999997,3557.06605,4.201047562509221,random_3_regular,3,7454720.0,7367338.666666667,7389184.0,7258112.0,7284326.4,7441612.8,100107.89358154198,20,1,3,343015424.0,342928042.6666667,342949888.0,342818816.0,342845030.4,343002316.8,100107.89358154198,3,4096,warm_batch,3,3576.173459,3572.0857366666664,3570.894459,3569.189292,3569.5303254,3575.117659,3.641291533274496,3,15.201375,14.686805666666666,14.786,14.073042,14.215633599999999,15.1183,0.5706693232918115
matrix_product_state,8,0.6112745191210637,3,13081.248292,13054.150930666665,13041.645334,13039.559166,13039.9763996,13073.327700400001,23.49017385318779,random_3_regular,3,16941056.0,15586645.333333334,15515648.0,14303232.0,14545715.2,16655974.4,1320344.3981588036,20,1,3,352501760.0,351496874.6666667,351076352.0,350912512.0,350945280.0,352216678.4,874103.4185159862,3,4096,warm_batch,3,13126.179876,13099.297792,13087.409583999999,13084.303915999999,13084.925049599999,13118.4258176,23.3322978630241,3,17.010125,16.131680666666664,16.043708,15.341209,15.4817088,16.8168416,0.8379287238926308
matrix_product_state,32,0.7406261665585391,3,43412.309959,43170.09861133334,43071.057542,43026.928333,43035.7541748,43344.0594756,210.9184664168063,random_3_regular,3,49709056.0,45946197.333333336,45989888.0,42139648.0,42909696.0,48965222.4,3784893.1323593976,20,1,3,392609792.0,390245034.6666667,390987776.0,387137536.0,387907584.0,392285388.8,2810719.649585375,3,4096,warm_batch,3,43561.599541999996,43310.145375,43206.683000000005,43162.153583,43171.0594664,43490.6162336,218.9009269528948,3,18.730125,18.669180666666666,18.641042,18.636375,18.637308400000002,18.7123084,0.05283090048762558
matrix_product_state,1,0.3334316726699856,5,3085.245042,1838.5034,2983.202708,19.64975,19.86895,3084.8357252,1660.6459189197665,random_3_regular,5,98304.0,52428.8,65536.0,0.0,13107.2,85196.8,37361.268329648556,20,1,5,344489984.0,344358912.0,344326144.0,344293376.0,344293376.0,344450662.4,83542.33571070418,5,4096,warm_single,5,3101.119625,1854.4376416,2999.115207,35.828876,35.9131092,3100.7057914,1660.5759492489608,5,12.953916,12.8002666,12.857917,12.590208,12.631258,12.9349332,0.15319524013591254
matrix_product_state,1,0.11372856509001059,3,9104.410084,5968.313875333333,8773.994875,26.536667,1776.0283086000002,9038.327042199999,5148.381381335955,random_3_regular,3,65536.0,65536.0,65536.0,65536.0,65536.0,65536.0,0.0,22,1,3,346243072.0,346177536.0,346177536.0,346112000.0,346125107.2,346229964.8,65536.0,3,4096,warm_single,3,9123.232,5987.306278,8792.865708,45.82112600000001,1795.2300423999998,9057.1587416,5148.127798559376,3,15.376875,15.067,15.152875,14.67125,14.767575,15.332075,0.3605655930271215
matrix_product_state,1,0.2591248745080907,3,3975.034875,2614.859694666666,3840.647334,28.896875,791.2469668,3948.1573667999996,2240.517302168807,random_3_regular,3,98304.0,70997.33333333333,81920.0,32768.0,42598.4,95027.2,34106.01573525312,24,1,3,342196224.0,342119765.3333333,342097920.0,342065152.0,342071705.6,342176563.2,68212.03147050625,3,4096,warm_single,3,3994.903292,2633.9282506666664,3859.1432099999993,47.73825,810.019242,3967.7512755999996,2240.7346428409032,3,15.398333,14.994444333333334,14.8515,14.7335,14.7571,15.2889664,0.3547189610048118
matrix_product_state,1,0.17905431035699124,3,5598.402042,3731.783541666666,5566.503083,30.4455,1137.6570166000001,5592.0222502,3205.4924520130985,random_3_regular,3,98304.0,65536.0,65536.0,32768.0,39321.6,91750.4,32768.0,26,1,3,349552640.0,349498026.6666667,349487104.0,349454336.0,349460889.6,349539532.8,50053.946790770984,3,4096,warm_single,3,5616.77625,3750.2719023333334,5584.897666,49.141791,1156.292966,5610.4005332,3205.3123306150965,3,14.875125,14.691124666666667,14.665041,14.533208,14.5595746,14.8331082,0.17244441705179503
matrix_product_state,1,0.04209235845428286,3,23863.527542,15878.409236000001,23737.826666,33.8735,4774.6641332,23838.3873668,13721.914396125367,random_3_regular,3,81920.0,65536.0,65536.0,49152.0,52428.8,78643.2,16384.0,28,1,3,362807296.0,362752682.6666667,362758144.0,362692608.0,362705715.2,362797465.6,57538.71702891309,3,4096,warm_single,3,23881.651001,15897.468999666666,23757.281291000003,53.474707,4794.236023800001,23856.777059,13721.442464833346,3,15.637458,15.14,15.437042,14.3455,14.5638084,15.5973748,0.6953159934619659
qute,1,22.85672908504148,5,44.819833,43.9360166,43.750792,43.631333,43.648933,44.4130166,0.4984918281218878,pilot_cycle_plus_chord,5,212992.0,212992.0,212992.0,212992.0,212992.0,212992.0,0.0,6,1,5,363560960.0,363560960.0,363560960.0,363560960.0,363560960.0,363560960.0,0.0,5,1024,warm_single,5,44.819833,43.9360166,43.750792,43.631333,43.648933,44.4130166,0.4984918281218878,5,0.0,0.0,0.0,0.0,0.0,0.0,0.0
qute,8,5.1022963899622225,5,1632.023833,1581.6036084000002,1567.921459,1548.995667,1549.1085166,1623.1340166,37.525435199054165,pilot_cycle_plus_chord,5,835584.0,832307.2,835584.0,819200.0,825753.6,835584.0,7327.147548671311,6,1,5,364183552.0,364180275.2,364183552.0,364167168.0,364173721.6,364183552.0,7327.147548671311,5,4096,warm_batch,5,1632.023833,1581.6036084000002,1567.921459,1548.995667,1549.1085166,1623.1340166,37.525435199054165,5,0.0,0.0,0.0,0.0,0.0,0.0,0.0
qute,32,5.109190350275825,5,6283.208708,6267.7692748,6263.223291,6254.646416,6257.2712664,6280.548991600001,11.74267116227281,pilot_cycle_plus_chord,5,1032192.0,992870.4,1015808.0,901120.0,940441.6,1025638.4,52582.17565677555,6,1,5,364380160.0,364340838.4,364363776.0,364249088.0,364288409.6,364373606.4,52582.17565677555,5,4096,warm_batch,5,6283.208708,6267.7692748,6263.223291,6254.646416,6257.2712664,6280.548991600001,11.74267116227281,5,0.0,0.0,0.0,0.0,0.0,0.0,0.0
qute,1,5.403927825485814,5,190.634833,185.16445819999998,185.050584,178.78475,179.7324332,190.46016619999997,5.292942720572096,pilot_cycle_plus_chord,5,802816.0,802816.0,802816.0,802816.0,802816.0,802816.0,0.0,6,1,5,364150784.0,364150784.0,364150784.0,364150784.0,364150784.0,364150784.0,0.0,5,4096,warm_single,5,190.634833,185.16445819999998,185.050584,178.78475,179.7324332,190.46016619999997,5.292942720572096,5,0.0,0.0,0.0,0.0,0.0,0.0,0.0
qute,1,0.31656970557622577,5,3177.589792,3163.63505,3158.861958,3158.214583,3158.4396498,3172.446542,8.241654623159903,pilot_cycle_plus_chord,5,71548928.0,71522713.6,71516160.0,71516160.0,71516160.0,71535820.8,14654.29509734262,6,1,5,434896896.0,434870681.6,434864128.0,434864128.0,434864128.0,434883788.8,14654.295097342621,5,65536,warm_single,5,3177.589792,3163.63505,3158.861958,3158.214583,3158.4396498,3172.446542,8.241654623159903,5,0.0,0.0,0.0,0.0,0.0,0.0,0.0
statevector,1,46.82451585557708,10,1.193458,1.1490334,1.1473965000000002,1.1155,1.1309872,1.1712208,0.021191672343425623,cycle,10,49152.0,13107.2,8192.0,0.0,0.0,34406.399999999994,16921.32243846995,6,1,10,338165760.0,338090393.6,338092032.0,338034688.0,338034688.0,338136268.8,45167.57095084924,10,4096,warm_single,10,21.787751000000004,21.424846,21.356334,21.152707999999997,21.242294899999997,21.7019126,0.21073323800852112,10,20.54375,20.1893541,20.1195625,19.92675,20.02035,20.4387497,0.19873116083764455
statevector,1,45.904198992499225,10,1.288959,1.2494415999999997,1.2496255,1.210583,1.2193202,1.2761331,0.02481827615197227,cycle,10,98304.0,21299.2,8192.0,0.0,0.0,54067.19999999998,31891.568111684668,6,2,10,338214912.0,338149376.0,338206720.0,338018304.0,338047795.2,338214912.0,83542.33571070418,10,4096,warm_single,10,22.102709,21.8097914,21.784499500000003,21.634915000000003,21.6898897,21.920833400000003,0.13422465177140788,10,20.732416,20.4511415,20.412791499999997,20.304083,20.304308,20.5722916,0.13285801982672318
statevector,1,45.33082732431664,10,1.318416,1.2750834000000002,1.2678544999999999,1.236084,1.2407712,1.3106544,0.027245590257670867,cycle,10,65536.0,26214.4,16384.0,0.0,0.0,50790.399999999994,22116.714339059396,6,3,10,338378752.0,338236211.2,338223104.0,338149376.0,338149376.0,338319769.6,75299.09265028068,10,4096,warm_single,10,22.287209,22.0267086,22.060043,21.526125,21.851025900000003,22.279895599999996,0.21850205491238053,10,20.86125,20.6284043,20.656146,20.133125,20.4880256,20.8592628,0.2069758199667291
statevector,1,46.26104901786058,10,1.575459,1.5312042,1.541791,1.489708,1.5032835999999998,1.5537456,0.02641205809978969,cycle,10,49152.0,19660.8,16384.0,0.0,0.0,49152.0,18600.631081289208,8,1,10,338558976.0,338457395.2,338452480.0,338378752.0,338378752.0,338544230.4,68560.94439385865,10,4096,warm_single,10,22.044791,21.7012125,21.616457500000003,21.427291999999998,21.4543676,22.0325672,0.25336473209069393,10,20.34475,19.9722251,19.875958500000003,19.699834,19.7395087,20.273274699999998,0.24482216399684914
statevector,1,45.0390854813693,10,1.669583,1.6203249,1.622479,1.573666,1.5933165999999999,1.6401458,0.02624226790440695,cycle,10,49152.0,22937.6,16384.0,0.0,0.0,49152.0,17612.270793083128,8,2,10,338231296.0,338119884.8,338116608.0,338018304.0,338018304.0,338216550.4,73596.40601853086,10,4096,warm_single,10,22.653623999999997,22.2983955,22.2029375,22.020082999999996,22.0883327,22.6366383,0.23529250367397347,10,20.807166,20.4521707,20.3598955,20.19625,20.279162499999998,20.7474672,0.21929782899419353
statevector,1,44.13586121478441,10,1.837208,1.7234583999999997,1.7142915,1.661833,1.6744339000000001,1.7839208,0.05232882240686187,cycle,10,114688.0,34406.4,32768.0,0.0,0.0,55705.59999999998,33175.0715085891,8,3,10,338706432.0,338519654.4,338509824.0,338395136.0,338409881.6,338691686.4,110637.50175053664,10,4096,warm_single,10,23.112291,22.6392876,22.6573125,22.247333,22.252958900000003,22.991578500000003,0.36321382374793976,10,21.120458,20.666537599999998,20.685041499999997,20.321416,20.3290291,21.0057089,0.32822399095204585
statevector,1,40.8601419448643,10,3.860292,3.6908626,3.6784585,3.58025,3.6392,3.7558542,0.07442857206775125,cycle,10,65536.0,27852.8,16384.0,0.0,14745.6,65536.0,23234.7482916811,10,1,10,338378752.0,338242764.8,338247680.0,338116608.0,338131353.6,338364006.4,97098.14487391381,10,4096,warm_single,10,24.978835,24.531987500000003,24.473728,23.974874999999997,24.1631622,24.962934700000005,0.3204211744980707,10,20.612042,20.2593626,20.2761875,19.881625,19.9428997,20.5517798,0.27863989258786614
statevector,1,39.50022342313874,10,3.882375,3.7997916000000003,3.799125,3.719333,3.7221086,3.8635119,0.057659379196951015,cycle,10,98304.0,37683.2,32768.0,0.0,14745.6,68812.79999999999,27900.946621933817,10,2,10,338706432.0,338503270.4,338477056.0,338329600.0,338344345.6,338662195.2,134707.9686789167,10,4096,warm_single,10,25.666793000000002,25.2438582,25.3163125,24.497166,24.8687904,25.653779000000004,0.3548213566147838,10,21.202167,20.9388918,20.956875,20.602,20.6474878,21.1374795,0.19605679876210472
statevector,1,39.408511347818774,10,4.017125,3.9514416,3.949125,3.89575,3.9030247,4.0042244,0.04101082916390635,cycle,10,65536.0,36044.8,32768.0,16384.0,16384.0,50790.399999999994,16921.322438469953,10,3,10,338378752.0,338213273.6,338206720.0,338067456.0,338082201.6,338349260.8,111510.20960053639,10,4096,warm_single,10,25.584249,25.2915499,25.375229,24.833707,24.910396000000002,25.5393246,0.2788327481330578,10,20.921459,20.6351875,20.707,20.270291,20.2980794,20.861083400000002,0.24885708890545982
statevector,1,39.70305607921681,10,4.136541,4.0019499,3.988292,3.902083,3.9337333,4.0715169,0.07067903035310795,cycle,10,49152.0,32768.0,32768.0,0.0,14745.6,49152.0,15446.983337280526,12,1,10,338460672.0,338290278.4,338280448.0,338149376.0,338178867.2,338416435.2,106517.00305710195,10,4096,warm_single,10,26.3935,25.201650000000004,25.186978,24.461,24.5358143,25.813073799999998,0.6020197161171532,10,20.549583,20.167625100000002,20.153646000000002,19.763375,19.7790881,20.5423083,0.3628430428660887
statevector,1,37.94871341433322,10,4.360917,4.2907919,4.2838335,4.233542,4.2552914,4.3592295,0.04248291239872528,cycle,10,81920.0,34406.4,32768.0,0.0,14745.6,52428.79999999999,22451.328113152787,12,2,10,338771968.0,338603212.8,338599936.0,338460672.0,338475417.6,338742476.8,119913.27112987397,10,4096,warm_single,10,26.556541999999997,26.3209208,26.3513545,25.935001000000003,26.066626000000003,26.5105664,0.18992777159915739,10,20.878417,20.424120699999996,20.367896000000002,20.208833,20.2477202,20.7622036,0.21910259878881197
statevector,1,36.621260941791896,10,4.781625,4.567916599999999,4.544271,4.4685,4.4807625,4.6691997,0.09759522870873927,cycle,10,81920.0,44236.8,40960.0,16384.0,31129.6,67174.4,18997.2776342062,12,3,10,338788352.0,338581913.6,338599936.0,338378752.0,338393497.6,338744115.2,148403.63154825798,10,4096,warm_single,10,27.874539999999996,27.398454200000003,27.306542,26.906917,27.0780286,27.807229000000003,0.3577112061925565,10,21.378333,21.2110875,21.2822915,20.823542,20.8802042,21.3734964,0.19957380915410167
statevector,1,36.67944168827987,10,5.078042,4.929150099999999,4.934792,4.772416,4.7918794,5.074667,0.10829236765703601,cycle,10,81920.0,37683.2,32768.0,16384.0,16384.0,52428.79999999999,20507.288486454436,14,1,10,338952192.0,338762137.6,338755584.0,338591744.0,338621235.2,338922700.8,120941.10027539117,10,4096,warm_single,10,28.261335,27.1966253,27.2632285,25.965833999999997,26.1553209,28.127871300000002,0.8292317863934935,10,20.614417,20.238820800000003,20.199020500000003,19.892709,19.9081206,20.5935667,0.3212823593396379
statevector,1,34.67351315988117,10,5.893208,5.6561332,5.716104,5.347583,5.3582705,5.8813955,0.2202865838007893,cycle,10,81920.0,49152.0,49152.0,16384.0,16384.0,81920.0,24423.825162237703,14,2,10,338968576.0,338747392.0,338731008.0,338558976.0,338573721.6,338939084.8,147405.42342502568,10,4096,warm_single,10,29.739124,28.9242954,28.840457999999998,28.635915999999998,28.6394026,29.355836499999995,0.3459116402902142,10,21.215375,20.827858199999998,20.8335,20.347041,20.6668416,20.9647997,0.21789217374186606
statevector,1,34.23892962532117,10,6.669875,6.3181041,6.4429375,5.870583,5.9026833,6.6054125,0.29672997177922567,cycle,10,81920.0,50790.4,49152.0,32768.0,32768.0,81920.0,19615.236091705177,14,3,10,339345408.0,339079987.2,339050496.0,338870272.0,338914508.8,339286425.6,158623.29613185237,10,4096,warm_single,10,29.651459,28.760520800000002,29.2065205,27.063667000000002,27.4904164,29.5269206,0.9569385352371036,10,20.97,20.776099900000002,20.834458,20.401834,20.6142331,20.9201625,0.16974761887870152
statevector,1,32.53818205174681,10,7.373209,7.146154399999999,7.145146,7.022667,7.028329800000001,7.2181462,0.09824552610362348,cycle,10,98304.0,34406.4,32768.0,0.0,0.0,54067.19999999998,29359.429071045943,16,1,10,340000768.0,339863142.4,339902464.0,339705856.0,339720601.6,340000768.0,114609.95439722211,10,4096,warm_single,10,31.668916999999997,30.630316599999997,30.7331245,29.520124000000003,29.609413000000004,31.6672295,0.8186175815909528,10,21.469459,20.935737399999997,20.907353999999998,20.564041,20.5926538,21.3186334,0.30547399159564764
statevector,1,29.692441680592793,10,10.925916,9.9442208,10.653604,8.048084,8.0692331,10.8208041,1.2690180353834222,cycle,10,114688.0,42598.4,40960.0,0.0,0.0,85196.79999999999,42444.08287827383,16,2,10,339558400.0,339363430.4,339394560.0,339214336.0,339214336.0,339528908.8,127951.47595796705,10,4096,warm_single,10,34.619915999999996,33.2780543,33.6786045,31.581959,31.636070600000004,34.383029699999994,1.151746081967533,10,20.707792,20.4215208,20.4006455,20.161583,20.2200839,20.635566999999998,0.1728459231890262
statevector,1,27.03227822972368,10,13.765541,12.263499900000001,13.479979,9.060792,9.145916699999999,13.741204100000001,2.0898234912071962,cycle,10,81920.0,29491.2,24576.0,0.0,0.0,67174.4,28691.49813214128,16,3,10,339116032.0,339017728.0,339066880.0,338870272.0,338870272.0,339116032.0,101879.85227053809,10,4096,warm_single,10,38.15425,36.09150029999999,36.9928125,32.960500999999994,33.3748385,37.6385491,1.907086042106477,10,21.288667,20.9340542,20.8745415,20.69275,20.7027625,21.2552923,0.2230458189101268
statevector,1,24.82845030545946,5,17.092625,17.0203418,17.001625,16.948459,16.9588086,17.0894418,0.0651859984444514,cycle,5,114688.0,42598.4,32768.0,0.0,0.0,95027.20000000001,48602.79840503014,18,1,5,343457792.0,343362764.8,343310336.0,343310336.0,343310336.0,343444684.8,72719.8630581769,5,4096,warm_single,5,40.741417,40.1936668,40.276376,39.466792000000005,39.752158800000004,40.5662662,0.4602910222616752,5,20.750583,20.339141599999998,20.218416,19.996417,20.044267,20.696049799999997,0.3266408237059466
statevector,1,17.78656576419055,5,32.976,28.1448752,32.921917,20.85125,20.9197336,32.9667,6.5802989363837945,cycle,5,147456.0,65536.0,49152.0,16384.0,16384.0,127795.20000000001,56755.84086241697,18,2,5,343212032.0,343103897.6,343064576.0,343031808.0,343038361.6,343192371.2,79085.68849545409,5,4096,warm_single,5,56.553375,51.709533,56.222208,44.538289999999996,44.678307600000004,56.4702082,6.3889420787964575,5,20.74425,20.5156248,20.46275,20.363708,20.3935748,20.6741664,0.14744894259946434
statevector,1,14.476729771600345,5,45.746166,37.4345248,45.72075,24.941667,24.9724502,45.745866,11.36927750448056,cycle,5,98304.0,58982.4,65536.0,32768.0,32768.0,85196.8,27415.675749468588,18,3,5,343343104.0,343212032.0,343179264.0,343113728.0,343126835.2,343316889.6,95534.31584514541,5,4096,warm_single,5,69.39262399999998,61.0530664,69.076374,48.568416,48.6971832,69.37060799999999,11.251149638113375,5,20.776,20.5984582,20.511459,20.469958,20.4722912,20.7692332,0.15528185766437794
statevector,1,11.728731929733307,5,61.333334,61.187342,61.192084,61.042375,61.0455586,61.3274336,0.13995264722576667,cycle,5,114688.0,52428.8,65536.0,0.0,0.0,101580.8,51027.67801105593,20,1,5,355811328.0,355690086.4,355631104.0,355631104.0,355631104.0,355785113.6,84022.9283755333,5,4096,warm_single,5,85.59974999999999,85.28408339999999,85.260709,84.904709,85.0410254,85.52374959999999,0.25563510228702474,5,21.395875,21.0564666,20.892833,20.752458,20.8079248,21.3775418,0.2949235519966146
statevector,1,6.436830742190337,5,132.473125,108.95662480000001,131.145583,74.505292,74.8983916,131.9523082,31.007653224855126,cycle,5,114688.0,72089.6,98304.0,0.0,19660.800000000003,108134.4,47201.84620118158,20,2,5,355860480.0,355768729.6,355811328.0,355598336.0,355644211.2,355860480.0,112680.95255543414,5,4096,warm_single,5,156.7535,133.2369746,155.355957,98.288833,98.9316166,156.4084164,31.178834187816648,5,21.102417,20.925549999999998,21.000958,20.48275,20.6785164,21.0892338,0.25294416077960763
statevector,1,3.980599228102897,3,232.815792,223.79259733333333,222.878208,215.683792,217.1226752,230.82827519999998,8.602525029878445,cycle,3,20283392.0,20239701.333333332,20250624.0,20185088.0,20198195.2,20276838.4,50053.94679077099,20,3,3,355909632.0,355865941.3333333,355876864.0,355811328.0,355824435.2,355903078.4,50053.946790770984,3,4096,warm_batch,3,261.430416,251.96379166666665,251.218458,243.24250100000003,244.83769240000004,259.3880244,9.1168363327311,3,24.61125,24.277722333333333,24.509708,23.712209,23.8717088,24.590941599999997,0.49237352901464143
statevector,8,4.508336336542799,3,1748.677709,1726.1581113333334,1716.167625,1713.629,1714.1367249999998,1742.1756922,19.543806270122055,cycle,3,28360704.0,27634346.666666668,27869184.0,26673152.0,26912358.4,28262400.0,867939.7260301738,20,3,3,363986944.0,363610112.0,363495424.0,363347968.0,363377459.2,363888640.0,334570.7476035525,3,4096,warm_batch,3,1808.724667,1785.2243476666665,1774.4905,1772.457876,1772.8644007999999,1801.8778336,20.377233537892792,3,28.453583,27.45594433333333,27.901833,26.012417,26.3903002,28.343232999999998,1.2802091185370195
statevector,32,4.663979752789397,3,6766.222917,6720.332514000001,6711.62025,6683.154375,6688.84755,6755.3023836,42.214018116091644,cycle,3,63193088.0,59686912.0,59883520.0,55984128.0,56764006.4,62531174.4,3608499.28635825,20,3,3,408256512.0,405449386.6666667,405995520.0,402096128.0,402876006.4,407804313.6,3116292.5039535896,3,4096,warm_batch,3,6915.6185,6870.621082999999,6861.093249999999,6835.151499,6840.3398492,6904.713449999999,41.070905319221076,3,29.254875,29.240347,29.237958,29.228208,29.230158,29.251491599999998,0.013493061661461265
statevector,1,4.635796376297179,5,192.318333,151.6193166,191.897291,90.967875,90.980175,192.1567834,55.35315997517965,cycle,5,114688.0,62259.2,65536.0,0.0,13107.2,108134.4,46916.63606014395,20,3,5,356007936.0,355844096.0,355794944.0,355762176.0,355762176.0,355962060.8,106180.45560271438,5,4096,warm_single,5,216.29970799999998,175.5982086,215.71266699999998,114.89304100000001,115.0834414,216.0664588,55.19949237488568,5,20.729417,20.642816599999996,20.629375,20.591667,20.6035334,20.6945666,0.051861374825587135
statevector,1,3.6415926323297856,3,250.932625,250.420917,250.277167,250.052959,250.0978006,250.8015334,0.4571117092834166,cycle,3,49152.0,27306.666666666668,32768.0,0.0,6553.6,45875.2,25026.973395385496,22,1,3,406257664.0,406224896.0,406208512.0,406208512.0,406208512.0,406247833.6,28377.920431208484,3,4096,warm_single,3,274.69862399999994,274.4850833333333,274.60512500000004,274.151501,274.2422258,274.67992419999996,0.2926489288965991,3,21.244791,20.954263666666666,20.935042,20.682958,20.7333748,21.1828412,0.2814092825838077
statevector,1,1.7283799147189354,3,570.369375,478.46104166666663,554.66225,310.3515,359.21365,567.22795,145.7988063856284,cycle,3,98304.0,70997.33333333333,65536.0,49152.0,52428.8,91750.4,25026.973395385492,22,2,3,406568960.0,406487040.0,406470656.0,406421504.0,406431334.4,406549299.2,75080.92018615648,3,4096,warm_single,3,595.726042,503.094041,578.5764989999999,334.979582,383.69896539999996,592.2961334,145.84368412764474,3,21.391958,21.06233333333333,21.221292,20.57375,20.7032584,21.3578248,0.4316445019890008
statevector,1,0.8875514136012284,3,1110.889375,904.6786666666667,1095.127875,508.01875,625.440575,1107.737075,343.60795005073396,cycle,3,131072.0,125610.66666666667,131072.0,114688.0,117964.8,131072.0,9459.30681040283,22,3,3,406765568.0,406634496.0,406634496.0,406503424.0,406529638.4,406739353.6,131072.0,3,4096,warm_single,3,1143.975292,936.9962506666666,1126.6952929999998,540.318167,657.5935922,1140.5192922,343.6419301212444,3,28.026125,27.714791666666667,27.885583,27.232667,27.3632502,27.9980166,0.42340425021170236
statevector,1,0.9154969248783293,3,1069.025333,1068.3448333333333,1068.3025,1067.706667,1067.8258336,1068.8807664,0.6603514883926682,cycle,3,114688.0,70997.33333333333,65536.0,32768.0,39321.6,104857.6,41232.162462491986,24,1,3,607535104.0,607475029.3333334,607502336.0,607387648.0,607410585.6,607528550.4,77427.76322052273,3,4096,warm_single,3,1093.398708,1092.6209583333334,1092.302959,1092.161208,1092.1895582,1093.1795582,0.6772696984955565,3,21.170375,21.006097333333333,21.121417,20.7265,20.8054834,21.1605834,0.243372601264672
statevector,1,0.3238202062433755,3,3275.754,2747.2978886666665,3057.368458,1908.771208,2138.4906579999997,3232.0768915999997,734.3488999658485,cycle,3,65536.0,54613.333333333336,49152.0,49152.0,49152.0,62259.2,9459.30681040283,24,2,3,607862784.0,607813632.0,607813632.0,607764480.0,607774310.4,607852953.6,49152.0,3,4096,warm_single,3,3310.4295,2780.0867636666667,3088.1334170000005,1941.6973739999999,2170.9845826,3265.9702834000004,734.5246514981784,3,30.383125,28.229639000000002,27.936833,26.368959,26.6825338,29.8938666,2.0230382310070163
statevector,1,0.21755212739330457,3,4799.43975,3830.5678886666665,4565.461875,2126.802041,2614.5340078,4752.644174999999,1480.1351152019415,cycle,3,131072.0,98304.0,81920.0,81920.0,81920.0,121241.6,28377.920431208484,24,3,3,607797248.0,607682560.0,607666176.0,607584256.0,607600640.0,607771033.6,107437.07278216397,3,4096,warm_single,3,4832.028915999999,3861.796305333333,4596.599499999999,2156.7605,2644.7282999999998,4784.943032799999,1481.288991244126,3,27.385541,26.607277666666665,26.778167,25.658125,25.882133399999997,27.2640662,0.8762955451497713
statevector,1,39.75728337528522,3,1.470458,1.3994163333333336,1.375791,1.352,1.3567582,1.4515246,0.06266332039026765,random_3_regular,3,2326528.0,2310144.0,2326528.0,2277376.0,2287206.4,2326528.0,28377.920431208484,6,1,3,337788928.0,337772544.0,337788928.0,337739776.0,337749606.4,337788928.0,28377.920431208484,3,4096,warm_batch,3,25.234874,25.147068666666666,25.152624,25.053707999999997,25.073491199999996,25.218424000000002,0.09071067294058485,3,23.692334,23.664430666666664,23.67875,23.622208,23.6335164,23.6896172,0.037191349119563975
statevector,8,222.24948482569422,3,10.3855,10.336402999999999,10.314792,10.308917,10.310092,10.3713584,0.04262059904553229,random_3_regular,3,2998272.0,2850816.0,2850816.0,2703360.0,2732851.2,2968780.8,147456.0,6,1,3,338460672.0,338313216.0,338313216.0,338165760.0,338195251.2,338431180.8,147456.0,3,4096,warm_batch,3,36.1535,35.70225,35.995583999999994,34.957666,35.1652496,36.1219168,0.6496447995297093,3,25.069792,24.682569666666666,25.013042,23.964875,24.1745084,25.058442,0.6221891726366936
statevector,32,461.14771423056595,3,40.983625,40.751972333333335,40.695792,40.5765,40.600358400000005,40.9260584,0.209296115100911,random_3_regular,3,5308416.0,4860586.666666667,4784128.0,4489216.0,4548198.4,5203558.4,414917.5891443183,6,1,3,340770816.0,340322986.6666667,340246528.0,339951616.0,340010598.4,340665958.4,414917.5891443183,3,4096,warm_batch,3,69.705667,69.46513900000001,69.392082,69.297668,69.3165508,69.64295,0.21358555648030342,3,26.305209,26.171875333333332,26.132167,26.07825,26.0890334,26.2706006,0.11857554858542085
statevector,1,46.84969750321566,10,1.228459,1.1912419,1.1838335,1.15975,1.1720503,1.2184087000000001,0.021382808257777768,random_3_regular,10,32768.0,18022.4,16384.0,0.0,0.0,32768.0,12089.176676313036,6,1,10,337952768.0,337869209.6,337870848.0,337805312.0,337805312.0,337938022.4,52069.16655372928,10,4096,warm_single,10,21.92929,21.467537599999996,21.344854999999995,21.208792,21.241641100000002,21.8248918,0.26528418608780097,10,20.587916,20.1827248,20.050063,19.963375,19.965924700000002,20.527390999999998,0.2505510435752006
statevector,1,46.08020679322243,10,1.34125,1.2820084,1.2692705,1.255125,1.2612,1.30795,0.027175465835524843,random_3_regular,10,98304.0,29491.2,24576.0,0.0,0.0,54067.19999999998,28691.49813214128,6,2,10,338116608.0,338019942.4,338018304.0,337920000.0,337949491.2,338087116.8,62483.954554038195,10,4096,warm_single,10,22.307126,21.820566399999997,21.701291499999996,21.561041,21.572553800000005,22.2784376,0.2876512790933569,10,20.877541,20.4186999,20.2965205,20.1805,20.1910372,20.857442199999998,0.27982549352863584
statevector,1,45.37780127944525,3,0.751166,0.7137913333333333,0.724875,0.665333,0.6772414,0.7459078,0.04397683165410324,random_3_regular,3,32768.0,27306.666666666668,32768.0,16384.0,19660.8,32768.0,9459.306810402828,6,3,3,337985536.0,337952768.0,337952768.0,337920000.0,337926553.6,337978982.4,32768.0,3,1024,warm_single,3,22.051833000000002,21.933526999999998,22.037207000000002,21.711541,21.776674200000002,22.048907800000002,0.19238455789381947,3,21.171208,21.072541666666666,21.146292,20.900125,20.949358399999998,21.1662248,0.14983601693963106
statevector,1,44.99699150114823,10,1.364291,1.3404250999999998,1.3413335000000002,1.3135,1.3141380999999999,1.3641416,0.019823686687338936,random_3_regular,10,114688.0,31129.6,24576.0,0.0,0.0,55705.59999999998,33175.07150858909,6,3,10,338362368.0,338211635.2,338206720.0,338067456.0,338096947.2,338318131.2,105560.66521284232,10,4096,warm_single,10,22.467458000000004,22.142033500000004,22.223708000000002,21.770291000000004,21.796092200000004,22.3334705,0.23470461886154745,10,20.972708,20.668925,20.738333500000003,20.30225,20.3449631,20.8417958,0.2219093681087944
statevector,1,27.805293432737255,3,15.062416,14.999319333333332,15.0275,14.908042,14.9319336,15.0554328,0.08095335353975999,random_3_regular,3,49152.0,38229.333333333336,49152.0,16384.0,22937.6,49152.0,18918.613620805656,6,3,3,343654400.0,343605248.0,343605248.0,343556096.0,343565926.4,343644569.6,49152.0,3,65536,warm_single,3,36.057333,35.97841666666667,35.964375000000004,35.913542,35.9237086,36.0387414,0.07291665942933268,3,20.862208,20.837430333333334,20.854292,20.795791,20.8074912,20.8606248,0.03627728386102344
statevector,1,43.52020488616138,10,1.635625,1.6137165,1.620937,1.581458,1.5855458,1.6335244,0.02065609227994925,random_3_regular,10,49152.0,21299.2,16384.0,0.0,0.0,49152.0,18997.2776342062,8,1,10,338395136.0,338278809.6,338280448.0,338182144.0,338196889.6,338365644.8,73859.3595230527,10,4096,warm_single,10,23.207748,23.022908,22.977832999999997,22.915041,22.927379099999996,23.134662600000002,0.10022132606497688,10,21.332875,21.185375,21.1580415,21.100458,21.1016964,21.2706625,0.08340365693954303
statevector,1,44.33561725309905,10,1.735291,1.7023374,1.695042,1.672375,1.6777372000000002,1.7298909999999998,0.024721540414967807,random_3_regular,10,98304.0,32768.0,24576.0,0.0,14745.6,54067.19999999998,27847.445236901396,8,2,10,338477056.0,338314854.4,338313216.0,338149376.0,338164121.6,338462310.4,121739.96791266941,10,4096,warm_single,10,22.755417,22.478858300000002,22.555228999999997,21.955833,22.059521099999998,22.6962429,0.26695138044930405,10,20.786292,20.5329544,20.599021,20.022875,20.115088099999998,20.7685917,0.25843843536397204
statevector,1,43.696546015259536,10,1.87725,1.8372126999999998,1.8400625000000002,1.787583,1.8108705,1.8597756,0.025401623824078685,random_3_regular,10,65536.0,31129.6,24576.0,16384.0,16384.0,50790.399999999994,18030.6728487258,8,3,10,338378752.0,338226380.8,338231296.0,338083840.0,338098585.6,338334515.2,99525.2145257673,10,4096,warm_single,10,23.006168,22.880358799999996,22.885104,22.728791,22.759655600000002,23.0014061,0.09520078803805367,10,20.914042,20.7680085,20.754624999999997,20.626917,20.666292000000002,20.8649542,0.0919135920044835
statevector,1,40.096029991830434,10,3.855541,3.7797167000000003,3.778354,3.725042,3.7427791999999998,3.8261415999999997,0.03734221611602015,random_3_regular,10,65536.0,22937.6,16384.0,0.0,0.0,36044.79999999999,19231.339164094745,10,1,10,338542592.0,338426265.6,338427904.0,338329600.0,338344345.6,338513100.8,76634.00846911536,10,4096,warm_single,10,25.721833,24.969317200000003,24.940125000000002,24.3735,24.5817753,25.437246700000003,0.40893199830691795,10,21.118667,20.661462699999998,20.652521,20.318,20.355649699999997,21.0310673,0.2965756139698047
statevector,1,39.5713426394315,10,4.071667,3.94745,3.954708,3.843584,3.9026834,3.9849286,0.059460940288562476,random_3_regular,10,65536.0,27852.8,32768.0,0.0,0.0,50790.399999999994,20507.288486454436,10,2,10,338558976.0,338431180.8,338427904.0,338313216.0,338327961.6,338558976.0,96713.41341050429,10,4096,warm_single,10,25.56675,25.204096,25.270813000000004,24.501666999999998,24.781117899999998,25.4680119,0.3241357067615014,10,20.842709,20.552250100000002,20.669687500000002,20.066958,20.143983600000002,20.7398462,0.26439661209606663
statevector,1,40.374982651374644,10,4.085542,4.0365625000000005,4.0305,3.987041,3.9982919,4.0831417,0.033645740117517905,random_3_regular,10,65536.0,40960.0,40960.0,16384.0,16384.0,65536.0,17696.7426004524,10,3,10,338608128.0,338413158.4,338419712.0,338231296.0,338246041.6,338549145.6,128880.52410680383,10,4096,warm_single,10,25.82875,24.896654699999996,24.767812499999998,24.353376,24.387201600000004,25.661275299999996,0.4831452787456711,10,20.998125,20.286291799999997,20.1735005,19.96575,20.0387247,20.8067247,0.3356696525808278
statevector,1,38.836961174787014,10,4.461166,4.1538874,4.124146,4.049292,4.0668789,4.2320044,0.12082285535922245,random_3_regular,10,147456.0,45875.2,32768.0,16384.0,16384.0,73727.99999999997,39230.47218341035,12,1,10,338608128.0,338378752.0,338386944.0,338165760.0,338195251.2,338549145.6,158284.47773971185,10,4096,warm_single,10,26.600459,25.647654199999998,25.748667499999996,24.499665999999998,24.778666000000005,26.564270900000004,0.7496419285163645,10,20.794584,20.2917124,20.156833,20.007041,20.0601041,20.5991706,0.2650785396926733
statevector,1,38.629302551032794,10,4.55375,4.4648583,4.474958,4.403542,4.4050414,4.5157628,0.051957302468362346,random_3_regular,10,65536.0,50790.4,49152.0,16384.0,31129.6,65536.0,16292.723523776564,12,2,10,339116032.0,338885017.6,338903040.0,338657280.0,338686771.2,339071795.2,159495.24563530623,10,4096,warm_single,10,26.567457999999995,25.925982899999997,25.887083999999994,25.066166,25.579053500000004,26.351232999999997,0.44288687758775636,10,20.321958,19.965641599999998,19.9236455,19.737917,19.7750798,20.3127708,0.20105326130721296
statevector,1,42.375499299914374,3,2.297542,2.186180666666667,2.214458,2.046542,2.0801252,2.2809252,0.12786694524126757,random_3_regular,3,49152.0,49152.0,49152.0,49152.0,49152.0,49152.0,0.0,12,3,3,338591744.0,338542592.0,338542592.0,338493440.0,338503270.4,338581913.6,49152.0,3,1024,warm_single,3,24.061249999999998,23.698306000000002,23.598542000000002,23.435126,23.4678092,23.968708399999997,0.32476523461725215,3,20.99875,20.84425,20.88725,20.64675,20.694850000000002,20.97645,0.1798964980203897
statevector,1,36.838829806466656,10,4.947959,4.793291599999999,4.8063125,4.675125,4.694925,4.9025828,0.08616058738219261,random_3_regular,10,81920.0,55705.6,65536.0,32768.0,32768.0,67174.4,17612.270793083124,12,3,10,338804736.0,338568806.4,338567168.0,338313216.0,338357452.8,338775244.8,171175.995193511,10,4096,warm_single,10,28.099125,27.2058002,27.1452705,26.494668,26.635704299999997,27.719098199999998,0.5096490683782764,10,21.2375,20.799091800000003,20.8559795,20.447167,20.4643417,21.0357875,0.2531946615299954
statevector,1,12.02673519179666,3,59.949541,59.580736,59.539042,59.253625,59.3107084,59.8674412,0.3498264741139546,random_3_regular,3,65536.0,38229.333333333336,49152.0,0.0,9830.400000000001,62259.2,34106.015735253124,12,3,3,344801280.0,344768512.0,344752128.0,344752128.0,344752128.0,344791449.6,28377.920431208484,3,65536,warm_single,3,83.83791400000001,83.36888866666668,83.148085,83.120667,83.1261506,83.69994820000001,0.4064191299168148,3,21.01925,20.876611,20.826042,20.784541,20.7928412,20.9806084,0.12525971615407647
statevector,1,36.25873259848243,10,5.251167,5.1391626,5.161353999999999,5.003417,5.0159045,5.240666699999999,0.09079620859705533,random_3_regular,10,81920.0,42598.4,49152.0,0.0,14745.6,67174.4,23426.510126587593,14,1,10,339476480.0,339271680.0,339279872.0,339066880.0,339111116.8,339432243.2,138000.0155619959,10,4096,warm_single,10,28.180876000000005,27.562241699999998,27.579563,26.827541999999998,27.169279200000002,28.023036700000002,0.42312018083230996,10,20.933167,20.486695700000002,20.4456875,20.154959,20.1613328,20.8863661,0.3171744129234647
statevector,1,34.50479469138213,10,6.378167,6.1221084,6.2465209999999995,5.678625,5.7087372,6.3542045,0.29264031578949923,random_3_regular,10,81920.0,45875.2,49152.0,16384.0,31129.6,67174.4,18600.631081289208,14,2,10,339148800.0,338934169.6,338952192.0,338722816.0,338737561.6,339104563.2,152614.71007824465,10,4096,warm_single,10,29.676792,29.0663377,28.9814795,28.715918,28.7531906,29.4887667,0.3469434717177519,10,20.987458,20.4812291,20.434729,20.233792,20.3764042,20.569932700000003,0.19554648382784398
statevector,1,33.46570861705352,10,7.392792,6.998375,7.17975,6.433541,6.458929100000001,7.3334667,0.38713418790876347,random_3_regular,10,98304.0,70451.2,65536.0,49152.0,49152.0,83558.4,15543.227155259618,14,3,10,339296256.0,338965299.2,338968576.0,338657280.0,338731008.0,339207782.4,208362.57121597763,10,4096,warm_single,10,31.046292,29.815383300000008,29.8813335,27.766582,29.3859826,30.579192,0.8458999039711828,10,21.049666,20.7390958,20.714729,20.380833,20.467045799999998,21.0410791,0.25743515642619175
statevector,1,31.10474376269792,10,8.912875,8.6379416,8.801562,7.982417,8.2446914,8.8573378,0.3039345448653195,random_3_regular,10,81920.0,31129.6,32768.0,0.0,0.0,67174.4,31325.40059582461,16,1,10,339050496.0,338916147.2,338952192.0,338771968.0,338771968.0,339050496.0,105842.83803703175,10,4096,warm_single,10,32.752459,32.0574876,32.149437000000006,31.354667000000003,31.4369423,32.5796203,0.46673595527764283,10,21.232959,20.886070999999998,20.807646,20.60025,20.6639628,21.1838712,0.22733268726692168
statevector,1,27.625040845349456,10,12.3525,11.5972166,12.1682705,9.8915,10.1870753,12.3274125,1.011712720694104,random_3_regular,10,98304.0,29491.2,24576.0,0.0,0.0,68812.79999999999,33488.26186657714,16,2,10,339034112.0,338930892.8,338984960.0,338788352.0,338788352.0,339034112.0,99824.44915928942,10,4096,warm_single,10,37.442791,35.714387300000006,36.1990415,34.163582999999996,34.389707099999995,36.5196916,1.0868173128497793,10,21.372667,21.194850100000004,21.178604,21.04225,21.0567625,21.348817,0.11282561081741281
statevector,1,25.84329815375607,10,15.979416,14.413754400000002,15.3027715,11.595083,11.635583,15.9583047,1.9146328225576132,random_3_regular,10,180224.0,63897.6,65536.0,0.0,0.0,121241.59999999998,55935.358857246,16,3,10,339214336.0,338962022.4,339034112.0,338657280.0,338657280.0,339214336.0,214901.90528869472,10,4096,warm_single,10,39.53279299999999,37.95129639999999,38.6947515,35.022043000000004,35.555104,39.461954,1.7593190717249532,10,21.124792,20.6376752,20.513938000000003,20.331,20.374875000000003,20.928592,0.2793605520795261
statevector,1,21.17171332915813,5,24.563875,23.2805914,24.480958,21.179916,21.363816,24.5537418,1.7157804192986943,random_3_regular,5,98304.0,55705.6,65536.0,16384.0,16384.0,91750.4,37718.80057477968,18,1,5,343261184.0,343139942.4,343097344.0,343064576.0,343071129.6,343234969.6,84817.8649860983,5,4096,warm_single,5,47.882999999999996,46.5117328,47.232833,44.87816600000001,45.0134824,47.669083199999996,1.364398208055364,5,20.851083,20.3200166,20.218875,20.135833,20.149483,20.6003834,0.29910595377942506
statevector,1,16.148762399221635,5,38.128,34.011758199999996,38.086375,27.060041,27.7056914,38.1208832,5.638250864255749,random_3_regular,5,81920.0,36044.8,16384.0,0.0,0.0,81920.0,42408.93249304915,18,2,5,343851008.0,343788748.8,343752704.0,343752704.0,343752704.0,343844454.4,49695.13251013624,5,4096,warm_single,5,62.201541000000006,58.025808,61.92424999999999,51.238915999999996,51.806582799999994,62.163424600000006,5.571332374874659,5,21.12275,20.9414168,20.937584,20.820125,20.8318582,21.0645168,0.11973159380756622
statevector,1,12.823376214660652,5,54.697375,46.710391599999994,54.641333,33.7015,34.55465,54.689375,10.927986520420987,random_3_regular,5,147456.0,88473.6,98304.0,0.0,32768.0,134348.8,55075.590353622174,18,3,5,343752704.0,343539712.0,343506944.0,343392256.0,343392256.0,343713382.4,160529.75978303835,5,4096,warm_single,5,78.182374,70.1856502,77.98258299999999,57.250959,58.1359922,78.1289416,10.826340656083415,5,20.649667,20.4129504,20.362209,20.331084,20.3423172,20.5348502,0.13298199675068825
statevector,1,7.1794402369933215,3,116.430042,112.18131966666668,110.108125,110.005792,110.0262586,115.1656586,3.6798572132687886,random_3_regular,3,20168704.0,20125013.333333332,20135936.0,20070400.0,20083507.2,20162150.4,50053.94679077099,20,1,3,356040704.0,355997013.3333333,356007936.0,355942400.0,355955507.2,356034150.4,50053.946790770984,3,4096,warm_batch,3,145.908458,141.47818066666667,139.28662500000002,139.239459,139.2488922,144.5840914,3.836805193852596,3,25.347917,25.331805333333335,25.340041,25.307458,25.3139746,25.346341799999998,0.02144999590520473
statevector,8,7.746571877108452,3,976.200833,968.0334859999999,972.783583,955.116042,958.6495502,975.517383,11.316566131582368,random_3_regular,3,27770880.0,27082752.0,27344896.0,26132480.0,26374963.2,27685683.2,850075.4363890301,20,1,3,363642880.0,363304277.3333333,363216896.0,363053056.0,363085824.0,363557683.2,304466.27203244256,3,4096,warm_batch,3,1035.3274159999999,1027.4021943333335,1032.7148740000002,1014.1642929999999,1017.8744092,1034.8049076,11.538538369687185,3,28.914375,28.310541666666666,28.201125,27.816125,27.893125,28.771725,0.557240765588209
statevector,32,8.123316427439196,3,3803.97575,3772.568569333333,3783.90825,3729.821708,3740.6390164,3799.96225,38.35553094992853,random_3_regular,3,62767104.0,59058858.666666664,59064320.0,55345152.0,56088985.6,62026547.2,3710979.013979644,20,1,3,405979136.0,403668992.0,404373504.0,400654336.0,401398169.6,405658009.6,2731414.7668576445,3,4096,warm_batch,3,3954.7704590000003,3923.8566666666666,3939.277792,3877.521749,3889.8729576,3951.6719256,40.868069798753815,3,31.313625,30.390097333333333,31.297833,28.558834,29.1066338,31.310466599999998,1.5859402239127207
statevector,1,8.716901250392413,5,90.836833,87.32108339999999,90.127375,75.671458,81.2324416,90.6604334,6.528378248767933,random_3_regular,5,114688.0,62259.2,65536.0,0.0,19660.800000000003,101580.8,42408.93249304915,20,1,5,355909632.0,355758899.2,355729408.0,355680256.0,355680256.0,355863756.8,96512.74694671166,5,4096,warm_single,5,115.913208,111.99605820000002,114.719666,99.991708,105.7797412,115.505492,6.733200490657336,5,21.769084,21.5348916,21.63875,21.093208,21.262908,21.7238336,0.26252526240116353
statevector,1,5.708991326221007,5,151.843125,135.2198582,150.516333,108.550583,110.5990998,151.71282499999998,22.087836097828344,random_3_regular,5,212992.0,88473.6,49152.0,32768.0,39321.6,167116.80000000002,73818.96610492455,20,2,5,356171776.0,356066918.4,356089856.0,355942400.0,355962060.8,356158668.8,97343.57501550885,5,4096,warm_single,5,176.117125,159.4693326,175.162291,132.51570800000002,134.62267440000002,175.97764099999998,22.28153689010284,5,20.903292,20.8015502,20.798709,20.66175,20.70335,20.8932752,0.09626535701486784
statevector,1,4.50614271065717,3,200.292625,177.5659446666667,200.140667,132.264542,145.839767,200.26223339999999,39.232239108723405,random_3_regular,3,163840.0,114688.0,98304.0,81920.0,85196.8,150732.8,43347.989480482254,20,3,3,355368960.0,355248810.6666667,355270656.0,355106816.0,355139584.0,355349299.2,132430.2953456396,3,1024,warm_single,3,222.602167,199.48966733333336,221.91929199999998,153.94754300000002,167.54189280000003,222.46559200000002,39.44211449911121,3,21.45425,20.928278,20.682042,20.648542,20.655241999999998,21.2998084,0.45581297819171357
statevector,1,4.391376282006315,5,206.78,177.7863836,203.787,132.876542,135.8241588,206.1651168,37.73831512701097,random_3_regular,5,147456.0,68812.8,98304.0,0.0,0.0,127795.20000000001,65944.32793804181,20,3,5,356270080.0,356152115.2,356171776.0,356024320.0,356024320.0,356270080.0,123370.54087260865,5,4096,warm_single,5,230.73808200000002,201.7963496,227.719042,157.05203999999998,159.94722399999998,230.1158828,37.64437272716882,5,20.914458,20.7404414,20.671125,20.606041,20.6140414,20.9024912,0.14748044391138682
statevector,1,2.845837442663312,3,294.615917,270.3425276666667,293.748041,222.663625,236.8805082,294.4423418,41.29342104755854,random_3_regular,3,2146304.0,786432.0,114688.0,98304.0,101580.8,1739980.8,1177712.1894384893,20,3,3,384598016.0,384488789.3333333,384483328.0,384385024.0,384404684.8,384575078.4,106600.9739042441,3,65536,warm_single,3,366.892542,337.6972633333333,351.390415,294.808833,306.1251494,363.7921166,37.942615588858956,3,20.695333,20.605222,20.579208,20.541125,20.5487416,20.672108,0.080327908991832
statevector,1,1.7184870508056795,3,548.022333,516.9408746666667,547.043333,455.756958,474.014233,547.826533,52.989087124191975,random_3_regular,3,49152.0,49152.0,49152.0,49152.0,49152.0,49152.0,0.0,22,1,3,406388736.0,406339584.0,406339584.0,406290432.0,406300262.4,406378905.6,49152.0,3,4096,warm_single,3,582.101333,550.9447769999999,581.907207,488.825791,507.4420742,582.0625077999999,53.79670749662208,3,29.593666,29.225735666666665,29.5305,28.553041,28.7485328,29.5810328,0.5834261494056747
statevector,1,1.0556658771556224,3,926.40125,814.1809996666666,914.738833,601.402916,664.0700994,924.0687666,184.36346617270658,random_3_regular,3,65536.0,65536.0,65536.0,65536.0,65536.0,65536.0,0.0,22,2,3,406208512.0,406142976.0,406142976.0,406077440.0,406090547.2,406195404.8,65536.0,3,4096,warm_single,3,957.418875,845.9720550000001,947.269417,633.227873,696.0361818,955.3889833999999,184.31174163780304,3,27.572083,27.279680666666668,27.511584,26.755375,26.906616800000002,27.559983199999998,0.45506851827426215
statevector,1,1.032569522658144,3,1038.473584,843.3103476666669,944.57325,546.884209,626.4220172,1019.6935172000001,260.97061126676755,random_3_regular,3,114688.0,92842.66666666667,81920.0,81920.0,81920.0,108134.4,18918.61362080566,22,3,3,406487040.0,406383274.6666667,406372352.0,406290432.0,406306816.0,406464102.4,98758.06246243055,3,4096,warm_single,3,1063.904668,867.717306,968.457792,570.7894580000001,650.3231248000001,1044.8152928,261.53802156277993,3,21.439667,20.812514,20.54175,20.456125,20.47325,21.2600836,0.5448151743600759
statevector,1,0.43210313116741345,3,2300.327583,2155.833527666666,2279.90775,1887.26525,1965.7937499999998,2296.2436163999996,232.8109366450957,random_3_regular,3,81920.0,60074.666666666664,65536.0,32768.0,39321.6,78643.2,25026.973395385492,24,1,3,607453184.0,607387648.0,607371264.0,607338496.0,607345049.6,607436800.0,59073.352097202,3,4096,warm_single,3,2334.85654,2190.560693666667,2314.262332,1922.5632090000001,2000.9030336,2330.7376984,232.32094006251774,3,30.754292,30.173902666666667,29.917,29.850416,29.8637328,30.5868336,0.5037332537656541
statevector,1,0.3632273312253481,3,2732.996833,2447.8170973333335,2728.614875,1881.839584,2051.1946422,2732.1204414000003,490.15580134097786,random_3_regular,3,81920.0,65536.0,65536.0,49152.0,52428.8,78643.2,16384.0,24,2,3,607928320.0,607868245.3333334,607862784.0,607813632.0,607823462.4,607915212.8,57538.71702891309,3,4096,warm_single,3,2757.3865410000003,2472.0857496666667,2753.096791,1905.773917,2075.2384918,2756.5285910000002,490.4451236911982,3,21.102166,20.93141633333333,21.080125,20.611958,20.7055914,21.0977578,0.2768784416893681
statevector,1,0.18821732264938706,3,5370.062958,4629.398778,5279.060917,3239.072459,3647.0701506,5351.8625498,1204.9173406688979,random_3_regular,3,81920.0,76458.66666666667,81920.0,65536.0,68812.8,81920.0,9459.30681040283,24,3,3,608272384.0,608201386.6666666,608206848.0,608124928.0,608141312.0,608259276.8,73879.5479502503,3,4096,warm_single,3,5401.805501,4662.0908623333335,5313.007251,3271.459835,3679.7693182000003,5384.045851,1205.1399391512118,3,29.213917,28.082444666666664,27.971709,27.061708,27.2437082,28.9654754,1.0803692358746302
